complex,fold,true,pred
1A22_AK157A,0,-0.15484607219696045,1.3735682964324951
1A22_BE12A,0,1.6927218437194824,1.5083738565444946
1A22_BR11A,0,2.1162474155426025,1.2567020654678345
1A22_BS61A,0,-0.18216991424560547,0.9382528066635132
1A22_BW35A,0,0.5143008232116699,1.216145634651184
1A4Y_BN68A,0,0.11780958622694016,1.1871528625488281
1ACB_IL38E,0,6.646428108215332,4.619657516479492
1ACB_IL38I,0,4.2901506423950195,3.7255396842956543
1AK4_DG89V,0,4.395153045654297,1.3034158945083618
1AK4_DI91V,0,1.3641711473464966,1.5874007940292358
1B2U_DA36D,0,-4.168248653411865,-2.3738019466400146
1BRS_DD39A,0,7.650989055633545,3.609255075454712
1BRS_AK25A,0,5.3809494972229,3.540989637374878
1CSE_IL38D,0,4.4118428230285645,3.88563871383667
1EAW_AH138A,0,-0.014480198733508587,-0.034804992377758026
1EAW_AQ23A,0,-0.5189116597175598,-0.0771312266588211
1EMV_BN72A,0,1.1651908159255981,1.163152813911438
1EMV_BQ92A,0,-0.2777280807495117,1.5098671913146973
1EMV_AV35A,0,1.6646124124526978,1.6786530017852783
1FC2_CY10W,0,0.4106564223766327,0.7493492364883423
1FFW_AA89V,0,0.09132687747478485,1.9596176147460938
1GC1_CT45A,0,-0.14889173209667206,0.8872018456459045
1H9D_BG60A,0,2.077467203140259,1.9222779273986816
1IAR_AQ8R,0,0.038921285420656204,-0.22490210831165314
1IAR_AR85E,0,1.2246094942092896,1.8507471084594727
1IAR_AT13A,0,0.9785768389701843,0.9786984920501709
1JTG_BD163A,0,-1.3409347534179688,0.8841422200202942
1JTG_AE79K,0,4.2353901863098145,1.1617224216461182
1JTG_BH148A,0,2.7478888034820557,1.0427550077438354
1JTG_BK74A,0,3.559509038925171,0.84689861536026
1KTZ_BD8A,0,1.96819007396698,1.9248156547546387
1KTZ_BI26A,0,2.3430545330047607,1.7364054918289185
1MAH_AW276R,0,8.13113021850586,2.3538174629211426
1MAH_AY69N,0,4.816024303436279,-0.13199526071548462
1P69_AS15P,0,0.0,1.863949179649353
1PPF_IA15E,0,0.10560351610183716,1.95054030418396
1PPF_IA15I,0,0.32947757840156555,-0.6289622187614441
1PPF_IA15N,0,0.9154713153839111,1.9735944271087646
1PPF_IE19H,0,0.6904641389846802,1.0752856731414795
1PPF_IE19S,0,1.8462116718292236,1.9947478771209717
1PPF_IG32Y,0,1.2032891511917114,2.9821650981903076
1PPF_IL18R,0,7.184541702270508,2.865262508392334
1PPF_IL18V,0,-0.4926644563674927,3.020282745361328
1PPF_IN36L,0,2.6471633911132812,-0.02745489589869976
1PPF_IN36S,0,-1.3463784456253052,0.20552313327789307
1PPF_IP14C,0,-2.005016565322876,-1.027266263961792
1PPF_IP14M,0,-1.5744526386260986,-1.1319561004638672
1PPF_IR21N,0,0.32947757840156555,0.11529780924320221
1PPF_IR21S,0,0.4196195602416992,0.5634689927101135
1PPF_IR21T,0,-0.01834363117814064,0.4400680959224701
1PPF_IT17E,0,3.0410115718841553,3.6044583320617676
1PPF_IT17R,0,3.4516680240631104,3.150290012359619
1PPF_IT17W,0,2.195336103439331,1.8001556396484375
1PPF_IY20M,0,2.8123996257781982,2.6652920246124268
1PPF_IY20V,0,4.185900688171387,3.8633062839508057
1PPF_IY20W,0,0.23538224399089813,0.699701189994812
1R0R_IA10D,0,5.228435039520264,2.5546023845672607
1R0R_IA10I,0,-1.7995165586471558,-0.6122854351997375
1R0R_IA10N,0,2.0953314304351807,2.1124520301818848
1R0R_IE14D,0,0.25873422622680664,1.6031831502914429
1R0R_IK8H,0,-0.5933101773262024,-0.24867431819438934
1R0R_IK8M,0,-0.5612779259681702,-0.6839791536331177
1R0R_IL13Q,0,0.5696492195129395,4.026311874389648
1R0R_IP9C,0,-0.9866675138473511,-0.9864261150360107
1R0R_IP9M,0,-0.03315281495451927,-1.0910835266113281
1R0R_IR16G,0,2.0894362926483154,1.9762451648712158
1R0R_IR16N,0,-0.050451911985874176,0.23706403374671936
1R0R_IY15V,0,3.5100741386413574,4.221618175506592
1SBB_BV26Y,0,-1.4554979801177979,1.4267940521240234
1TM1_IM40A,0,1.0276678800582886,2.459012746810913
1TM1_IY42A,0,2.1795296669006348,3.3303630352020264
1TM3_IK40M,0,-1.0935636758804321,-0.5039875507354736
1UUZ_AC64A,0,0.6508750319480896,2.248927354812622
1Y1K_IA39T,0,-2.728342294692993,-2.2737245559692383
1Y3B_IS41E,0,-2.7477686405181885,-3.0856552124023438
1Z7X_WY437A,0,2.6241354942321777,1.0764344930648804
2AJF_EN151K,0,2.0126030445098877,0.5077323317527771
2FTL_IG12A,0,4.392778396606445,1.7562109231948853
2FTL_IK15H,0,8.781781196594238,8.072464942932129
2FTL_IK15Q,0,9.370643615722656,8.901639938354492
2G2U_BS39A,0,-0.9561419486999512,1.300392985343933
2G2U_BY51A,0,-0.6287487745285034,1.613995909690857
2GOX_BN38A,0,1.5695295333862305,2.050523281097412
2J0T_DM66A,0,1.6426256895065308,1.6203397512435913
2J0T_DV69I,0,0.7909240126609802,1.1094367504119873
2J0T_DV69T,0,-0.07573513686656952,0.7244220972061157
2NU4_IK13L,0,-3.1820759773254395,-1.7180132865905762
2PCC_BA86G,0,1.9018551111221313,1.1602425575256348
2PCC_BK77A,0,0.30366912484169006,1.5707619190216064
2SGP_IP13L,0,-8.445844650268555,-8.81881332397461
2VLQ_BA86F,0,-3.880681037902832,-2.135549783706665
2WPT_AN31A,0,-0.37987276911735535,0.6344807744026184
2WPT_BQ85A,0,0.9001388549804688,1.2846534252166748
2WPT_BS70A,0,-0.6116429567337036,1.146899938583374
2WPT_BS71A,0,-0.1495431363582611,0.5706151127815247
3BK3_CI19R,0,0.4239705204963684,2.1512105464935303
3BK3_CI28A,0,1.2615159749984741,1.6617225408554077
3BTG_IG13K,0,-12.352226257324219,-14.142987251281738
3SGB_IA9R,0,2.0356457233428955,2.1638762950897217
3SGB_IE13H,0,0.5260738134384155,1.0184904336929321
3SGB_IG26P,0,1.0968642234802246,3.45821475982666
3SGB_IG26Y,0,3.0961108207702637,2.934938907623291
3SGB_IK7V,0,-0.9551718831062317,-0.1875026971101761
3SGB_IN30E,0,0.9627103805541992,0.3128432333469391
3SGB_IN30G,0,0.31183531880378723,0.45576685667037964
3SGB_IN30I,0,0.1979234665632248,1.2077089548110962
3SGB_IN30T,0,0.009847073815762997,0.2954932451248169
3SGB_IP8H,0,0.27762654423713684,-0.5589123368263245
3SGB_IR15N,0,0.33107247948646545,0.07744525372982025
3SGB_IR15Q,0,0.04153655096888542,0.9331378936767578
3SGB_IR15Y,0,0.29397109150886536,0.3504805564880371
4CPA_IP35G,0,2.5961403846740723,1.615828037261963
4CPA_IY36F,0,0.0,1.0247530937194824
1A22_AE56A,1,0.4106564223766327,0.48520463705062866
1A22_AL45A,1,1.2245169878005981,0.7604935765266418
1A22_AS62A,1,0.15543822944164276,0.2802771031856537
1A22_BD85A,1,0.9939247965812683,1.6825828552246094
1A22_BK80A,1,0.08128507435321808,0.48073697090148926
1A22_BS174A,1,0.033863615244627,0.6187537908554077
1A22_BT60A,1,1.7616124153137207,1.260939121246338
1A4Y_AD435A,1,3.485543727874756,2.7870430946350098
1A4Y_AE344A,1,0.178609699010849,0.5433484315872192
1A4Y_BH13A,1,-0.2966853082180023,3.0179078578948975
1A4Y_AI459A,1,0.6794324517250061,0.46194565296173096
1A4Y_AK320A,1,-0.30999940633773804,1.2056130170822144
1A4Y_AW261A,1,0.10065702348947525,2.4635279178619385
1A4Y_AW318A,1,1.5007452964782715,1.6777281761169434
1A4Y_AY437A,1,0.8363124132156372,1.1275434494018555
1AK4_DI91A,1,1.6043896675109863,1.1142570972442627
1B2S_DA43T,1,-4.168248653411865,-0.8451828956604004
1BRS_DW38F,1,1.6426256895065308,3.573049783706665
1BRS_DY29A,1,3.4705440998077393,3.9574177265167236
1BRS_DY29F,1,-0.13220183551311493,1.954891562461853
1CSE_IL38E,1,2.3827457427978516,5.163240909576416
1EMV_BF86A,1,3.880681037902832,3.117605447769165
1F47_AD7G,1,1.1393417119979858,1.2708438634872437
1F47_AD7S,1,2.064861297607422,2.008023738861084
1FC2_CL13D,1,1.4339518547058105,-0.3652607202529907
1FC2_CN24A,1,0.6057023406028748,2.2749502658843994
1FFW_BD49A,1,0.0962846651673317,4.910647392272949
1GC1_CK35A,1,0.3220660388469696,-0.27207010984420776
1GC1_CS60A,1,-0.08859036862850189,0.09614752233028412
1JTG_AE143A,1,-0.07258199155330658,1.609341025352478
1JTG_AE79A,1,1.552952527999878,0.6731110215187073
1JTG_AE85A,1,4.0619282722473145,0.7817827463150024
1JTG_BF36A,1,3.2014195919036865,2.159308433532715
1JTG_BS113A,1,-0.16837136447429657,0.8078222274780273
1KTZ_BD94A,1,1.2613157033920288,1.7894201278686523
1KTZ_AR13A,1,1.481581449508667,1.9684334993362427
1KTZ_AR64A,1,2.884404420852661,1.3256267309188843
1KTZ_AR64K,1,2.2014970779418945,0.3157430589199066
1KTZ_BS28A,1,0.6630909442901611,0.12120401859283447
1LFD_AD38K,1,-1.0864804983139038,-0.5962035059928894
1MAH_AD71N,1,1.7348718643188477,2.448824405670166
1PPF_IE19C,1,1.4026328325271606,1.1685755252838135
1PPF_IE19Y,1,1.248884916305542,1.0310362577438354
1PPF_IG32E,1,1.4575586318969727,2.4755337238311768
1PPF_IG32M,1,2.195336103439331,2.6293201446533203
1PPF_IG32N,1,1.6139456033706665,2.402801752090454
1PPF_IL18H,1,6.471245765686035,1.9458495378494263
1PPF_IL18P,1,6.147148609161377,8.157567977905273
1PPF_IL18Y,1,6.635788440704346,3.431624412536621
1PPF_IN36A,1,-1.6455227136611938,0.25919046998023987
1PPF_IN36Q,1,0.3829234838485718,0.42668789625167847
1PPF_IR21H,1,-0.4926644563674927,-0.42501696944236755
1PPF_IT17F,1,1.7099932432174683,1.83280611038208
1PPF_IT17N,1,2.698713541030884,2.7850451469421387
1PPF_IY20Q,1,4.6970696449279785,4.966691493988037
1PPF_IY20T,1,5.055346965789795,4.838757514953613
1R0R_IA10K,1,3.072984218597412,1.690442681312561
1R0R_IA10T,1,1.2681235074996948,0.2504846155643463
1R0R_IE14H,1,1.7088130712509155,0.5444639921188354
1R0R_IE14P,1,3.76448392868042,4.450725555419922
1R0R_IK8A,1,-0.6100000739097595,0.4844261407852173
1R0R_IK8T,1,0.8897486925125122,0.3878551721572876
1R0R_IK8Y,1,-0.6954318284988403,-0.8077070116996765
1R0R_IL13D,1,4.539323806762695,6.187795639038086
1R0R_IL13G,1,2.352891206741333,4.354299068450928
1R0R_IL13P,1,7.687726974487305,8.193463325500488
1R0R_IR16H,1,0.5256845355033875,-0.34649333357810974
1R0R_IR16K,1,-0.09604763239622116,-0.17466017603874207
1R0R_IT12K,1,1.933820366859436,3.2536866664886475
1R0R_IY15H,1,3.4711196422576904,2.7296674251556396
1R0R_IY15I,1,2.864560604095459,3.981973171234131
1R0R_IY15P,1,6.6544342041015625,6.634819030761719
1R0R_IY15R,1,4.470016956329346,4.181765079498291
1SGQ_IG13L,1,-5.003495693206787,-5.160547733306885
1TM1_IY42G,1,4.680967330932617,3.495917797088623
1UUZ_AH62Q,1,1.5196093320846558,2.6491363048553467
1XD3_BK27A,1,-0.0624210461974144,1.9276578426361084
1XD3_BR72L,1,1.3017500638961792,3.092355251312256
1Y33_IP39T,1,-3.756010055541992,-2.1368746757507324
1Z7X_WW375A,1,1.6695599555969238,1.5861307382583618
2B42_AH357K,1,2.5677878856658936,0.72406405210495
2BTF_PK125A,1,0.46005603671073914,2.374415397644043
2FTL_IK15M,1,7.692373275756836,9.066478729248047
2G2U_BG141A,1,-0.4138105511665344,0.6666613221168518
2G2U_BW150A,1,1.7852216958999634,3.009971857070923
2NU0_IW13L,1,-1.8652080297470093,-0.6517108082771301
2NU2_IR13L,1,-3.366955280303955,-1.5704692602157593
2PCC_BK92A,1,0.9018709659576416,2.3425116539001465
3BK3_CT4P,1,0.486391544342041,0.766214907169342
3BP8_AF115A,1,0.708987295627594,1.12613844871521
3SGB_IA9C,1,0.04153655096888542,-0.016734255477786064
3SGB_IA9W,1,-1.553667664527893,-0.6922838091850281
3SGB_IE13N,1,1.1020385026931763,1.3092490434646606
3SGB_IE13S,1,1.9436081647872925,1.7929047346115112
3SGB_IE13Y,1,0.779313862323761,0.9635313749313354
3SGB_IG26D,1,1.62498939037323,2.221686363220215
3SGB_IG26S,1,1.6076903343200684,0.7581005692481995
3SGB_IK7D,1,-0.6233893632888794,-0.41826745867729187
3SGB_IK7L,1,-1.8173596858978271,-0.586259663105011
3SGB_IK7S,1,-2.587596893310547,0.22420258820056915
3SGB_IK7T,1,-1.9490283727645874,0.39730963110923767
3SGB_IK7W,1,-0.013389315456151962,-0.8629957437515259
3SGB_IL12A,1,2.9891605377197266,3.3154890537261963
3SGB_IL12H,1,1.713875651359558,1.867997169494629
3SGB_IN30S,1,0.4089992046356201,-0.050222788006067276
3SGB_IP8K,1,0.11405384540557861,-0.1772192418575287
3SGB_IP8R,1,0.31183531880378723,0.8044653534889221
3SGB_IP8W,1,-0.5005508065223694,-1.3234156370162964
3SGB_IR15G,1,1.1071680784225464,1.5492175817489624
3SGB_IR15T,1,0.45373380184173584,0.2926423251628876
3SGB_IT11L,1,2.471339225769043,1.6750125885009766
3SGB_IT11P,1,3.1820759773254395,3.4667727947235107
3SGB_IY14S,1,2.0356457233428955,4.727452754974365
1A22_AE163A,2,-0.9246088266372681,1.3093277215957642
1A22_AF25A,2,-0.44731462001800537,0.8930321931838989
1A22_AY153A,2,0.3482353687286377,2.093959331512451
1A22_BD119A,2,1.4865336418151855,2.504906415939331
1A22_BR172A,2,0.274082213640213,1.060183048248291
1A22_BV126A,2,-0.6170114278793335,1.1462115049362183
1A4Y_AE401A,2,0.883733868598938,0.832526445388794
1A4Y_BR31A,2,0.2505223751068115,0.7756294012069702
1AK4_DA88V,2,2.1339337825775146,7.359358787536621
1B2S_AA27K,2,-3.866295337677002,-3.0391643047332764
1B3S_AA102H,2,-5.68190336227417,-3.9371917247772217
1BRS_AE71W,2,1.657254934310913,1.7380198240280151
1BRS_DW44F,2,0.05646670609712601,1.5166683197021484
1EMV_AD49A,2,5.918128490447998,-0.07735354453325272
1EMV_AS46A,2,0.007269441150128841,1.160009741783142
1EMV_BS74A,2,-0.24112796783447266,0.6356890201568604
1FCC_CK28A,2,1.2561542987823486,1.6182752847671509
1FCC_CN35A,2,2.365107297897339,0.8566461801528931
1GC1_CQ33A,2,0.10526756942272186,1.2473009824752808
1H9D_BL93A,2,0.9402005672454834,2.939631700515747
1IAR_AF82D,2,-0.5806068181991577,1.4276221990585327
1IAR_AK12S,2,-0.01481207087635994,0.7829428315162659
1IAR_AN89A,2,1.5587940216064453,1.8225079774856567
1IAR_AT13D,2,-0.21867252886295319,-0.3152272701263428
1IAR_AT6A,2,-0.10364440828561783,1.4275537729263306
1IAR_AW91A,2,0.7295286655426025,1.740600347518921
1JCK_BK103A,2,0.6766378879547119,1.9330393075942993
1JTG_AK208A,2,1.4172372817993164,2.891481399536133
1JTG_AS105A,2,0.7919731140136719,2.1786410808563232
1JTG_AS209A,2,1.23908269405365,2.0161564350128174
1JTG_BS71A,2,0.35808926820755005,1.33815336227417
1JTG_BY53A,2,2.077467203140259,2.634523630142212
1KAC_AP15S,2,-0.793380618095398,0.43953919410705566
1KTZ_BF6A,2,3.426638603210449,2.31988525390625
1KTZ_AR13K,2,1.1516977548599243,0.6911168098449707
1LFD_AK19A,2,1.326342225074768,2.1254842281341553
1LFD_AM17K,2,-0.9208399057388306,2.569446325302124
1PPF_IA15G,2,1.1382291316986084,1.094555139541626
1PPF_IA15H,2,0.5528879165649414,0.808929443359375
1PPF_IA15S,2,0.7564785480499268,0.6266379952430725
1PPF_IE19G,2,2.120649576187134,2.7803595066070557
1PPF_IE19Q,2,0.660430908203125,1.9015828371047974
1PPF_IG32S,2,0.9154713153839111,1.1256929636001587
1PPF_IG32V,2,2.553067922592163,3.2215611934661865
1PPF_IL18M,2,1.25759756565094,1.5794812440872192
1PPF_IL18N,2,5.225429058074951,3.56817626953125
1PPF_IL18T,2,0.9154713153839111,3.409363031387329
1PPF_IN36D,2,-3.0779519081115723,1.3964154720306396
1PPF_IN36H,2,-0.5330062508583069,0.39983290433883667
1PPF_IN36V,2,0.34582212567329407,0.4340173602104187
1PPF_IN36Y,2,1.6768404245376587,0.4133412539958954
1PPF_IR21I,2,-0.8112831711769104,0.40844976902008057
1PPF_IT17A,2,3.48482084274292,3.0759057998657227
1R0R_IA10P,2,3.345353603363037,2.811583995819092
1R0R_IA10R,2,5.530481815338135,2.1278278827667236
1R0R_IA10S,2,1.7416746616363525,0.4146905541419983
1R0R_IE14G,2,2.7119977474212646,2.7497730255126953
1R0R_IK8D,2,-0.5933101773262024,0.20343351364135742
1R0R_IK8F,2,-0.7945218682289124,-0.5238141417503357
1R0R_IL13A,2,0.31460878252983093,3.9754767417907715
1R0R_IL13R,2,2.935408115386963,6.380124568939209
1R0R_IP9N,2,-0.9173604846000671,-0.006040407344698906
1R0R_IP9S,2,0.13621847331523895,-0.2538653612136841
1R0R_IP9V,2,1.331018328666687,-0.7145357728004456
1R0R_IR16E,2,0.3446420133113861,0.46398329734802246
1R0R_IR16Q,2,0.182406947016716,0.8067203164100647
1R0R_IT12M,2,1.331018328666687,2.1490976810455322
1R0R_IT12Y,2,-0.8788283467292786,2.046550750732422
1R0R_IY15F,2,0.6170114278793335,0.913203775882721
1R0R_IY15L,2,2.5751163959503174,2.2455618381500244
1S1Q_AF42A,2,0.19934363663196564,2.457641363143921
1SGE_IE13L,2,-5.982758045196533,-3.3872783184051514
1SGP_IA13L,2,-2.9891605377197266,-4.01254415512085
1TM1_IM40Y,2,0.05646670609712601,0.6940963864326477
1UUZ_AH62A,2,1.774827480316162,3.0438802242279053
1X1X_DA76E,2,-0.8235527276992798,-1.7629203796386719
1Z7X_WE401A,2,1.3063249588012695,0.9372683167457581
1Z7X_WW263A,2,2.2124183177948,1.7591567039489746
1Z7X_WY434F,2,0.12062260508537292,0.8354975581169128
2FTL_IK15I,2,11.171451568603516,12.39723014831543
2G2U_BG48A,2,-0.42659780383110046,1.4750245809555054
2G2U_BK74A,2,-0.21733520925045013,1.8902063369750977
2G2U_BS71A,2,-0.5122073292732239,1.3572615385055542
2G2U_BW112A,2,0.9587345719337463,2.1834168434143066
2G2U_BY50A,2,-2.0757222175598145,2.755141019821167
2HRK_BT55V,2,0.6242006421089172,1.8663628101348877
2J0T_DC70S,2,4.308547019958496,4.888360500335693
2NU1_IH13L,2,-1.713875651359558,-2.1377837657928467
2PCB_AE290N,2,0.871008574962616,1.317915916442871
2WPT_BN68A,2,1.2376387119293213,2.287583351135254
2WPT_AP53A,2,2.9276857376098633,0.960601270198822
2WPT_AS47A,2,2.4257025718688965,1.5439711809158325
2WPT_BV91A,2,0.11930190771818161,1.7073227167129517
3BK3_CI22A,2,1.3077044486999512,1.8720091581344604
3BK3_CI3R,2,0.6508750319480896,0.49276140332221985
3D5S_CA31R,2,-2.2467401027679443,0.004363370593637228
3SGB_IA9D,2,0.47637805342674255,3.1918976306915283
3SGB_IA9K,2,2.491424083709717,1.8067060708999634
3SGB_IG26I,2,4.092513084411621,3.906040668487549
3SGB_IG26R,2,3.5076560974121094,4.232303142547607
3SGB_IK7A,2,-2.572140693664551,0.4636034071445465
3SGB_IK7E,2,0.03220640495419502,-0.02412358671426773
3SGB_IL12S,2,4.1582350730896,3.527623176574707
3SGB_IL12T,2,3.2047202587127686,3.229158639907837
3SGB_IL12Y,2,1.6760064363479614,5.348975658416748
3SGB_IN30K,2,0.5794370174407959,1.3744301795959473
3SGB_IP8D,2,-1.033098578453064,0.20442496240139008
3SGB_IP8V,2,-0.31041327118873596,-0.6984075903892517
3SGB_IR15C,2,0.5527053475379944,0.7762291431427002
3SGB_IT11E,2,4.797141075134277,3.2048439979553223
3SGB_IT11R,2,1.9727510213851929,3.1420340538024902
3SGB_IY14I,2,3.5919625759124756,3.8654932975769043
3SGB_IY14R,2,2.7605485916137695,3.9171533584594727
1A22_AF165A,3,0.4106564223766327,1.1062684059143066
1A22_AH18A,3,-0.486391544342041,0.16333062946796417
1A22_AI168A,3,0.8063132762908936,0.4651901423931122
1A22_BE79A,3,-0.18216991424560547,1.3448553085327148
1A4Y_BH114A,3,0.6568293571472168,3.8757500648498535
1A4Y_BH8A,3,0.9041150808334351,0.7549880743026733
1A4Y_BQ12A,3,0.3002651035785675,0.9474630355834961
1A4Y_AW263A,3,1.171373963356018,1.2744957208633423
1A4Y_AY434A,3,3.2620151042938232,1.6616700887680054
1A4Y_AY434F,3,0.557857871055603,0.5266027450561523
1A4Y_AY437F,3,0.2452607899904251,0.8474999666213989
1AK4_DA92V,3,1.7232774496078491,0.776820182800293
1AK4_DH87A,3,2.374152421951294,2.4563777446746826
1AK4_DP93A,3,2.0470783710479736,2.533456325531006
1BRS_AE71Q,3,1.452102780342102,3.212249994277954
1BRS_AW33F,3,1.408076524734497,2.763075351715088
1CSE_IL38P,3,6.765445709228516,6.225764751434326
1CSE_IL38S,3,1.1887755393981934,4.104670524597168
1EMV_AP54A,3,1.24284029006958,-0.020814741030335426
1F47_AD4A,3,0.6915061473846436,1.0806020498275757
1F47_AQ15A,3,-0.045595720410346985,-0.9813230037689209
1FCC_CD40A,3,0.27225083112716675,1.3425284624099731
1FFW_BE13A,3,0.7167708873748779,1.4502198696136475
1GC1_CD63A,3,-0.31932955980300903,1.1199012994766235
1GC1_CN52A,3,0.7083382606506348,0.024272948503494263
1GC1_CQ40A,3,-0.4106564223766327,-0.006094512529671192
1GC1_CQ64A,3,0.44268864393234253,-0.026522941887378693
1H9D_BN94A,3,2.3043715953826904,1.6233054399490356
1H9D_BQ66A,3,1.3641711473464966,1.1730960607528687
1IAR_AE9Q,3,3.1128292083740234,1.4080593585968018
1IAR_AK12E,3,0.13947127759456635,-0.01367710717022419
1IAR_AR53Q,3,0.8357636332511902,0.7286342978477478
1JCK_BN60A,3,1.6426256895065308,0.1163489893078804
1JCK_BY90A,3,2.5961403846740723,1.7870125770568848
1JTG_BR160A,3,2.2222042083740234,0.7554656267166138
1JTG_BT140K,3,-0.014392253942787647,1.4474133253097534
1JTG_BW112A,3,3.0105111598968506,1.0891520977020264
1JTG_BW162A,3,2.3408265113830566,1.8559719324111938
1M9E_DA76H,3,-2.374152421951294,-0.11247341334819794
1PPF_IA15L,3,0.01779268868267536,-1.116791009902954
1PPF_IA15R,3,-0.26417794823646545,2.6298727989196777
1PPF_IE19R,3,1.469774603843689,1.9565510749816895
1PPF_IL18S,3,3.0920286178588867,4.2099504470825195
1PPF_IN36E,3,-1.0183489322662354,0.6054825782775879
1PPF_IN36T,3,0.5528879165649414,0.6070628762245178
1PPF_IP14G,3,0.09338758140802383,-0.8609785437583923
1PPF_IP14L,3,-2.9233665466308594,-1.5516194105148315
1PPF_IP14Q,3,-0.8112831711769104,0.6248577833175659
1PPF_IP14R,3,-0.13764554262161255,1.1690109968185425
1PPF_IP14T,3,-0.26417794823646545,-0.21970582008361816
1PPF_IR21K,3,0.6045563817024231,0.08435207605361938
1PPF_IR21M,3,-0.7596147656440735,-0.001940036192536354
1PPF_IT17I,3,1.4934759140014648,1.6866376399993896
1PPF_IY20G,3,4.185900688171387,6.093531131744385
1R0R_IA10C,3,-0.4834676682949066,1.0256283283233643
1R0R_IA10F,3,-2.24299955368042,-1.2490817308425903
1R0R_IA10G,3,1.111736536026001,0.7429652810096741
1R0R_IA10H,3,1.774827480316162,1.0267335176467896
1R0R_IA10W,3,0.20706579089164734,-0.06608381122350693
1R0R_IE14K,3,2.7119977474212646,1.20316743850708
1R0R_IE14N,3,2.118342161178589,1.436826229095459
1R0R_IK8C,3,-0.6156694889068604,-0.7321524024009705
1R0R_IK8V,3,0.4106564223766327,0.019455701112747192
1R0R_IL13K,3,3.345353603363037,3.7298662662506104
1R0R_IL13N,3,1.500389575958252,3.4705286026000977
1R0R_IL13S,3,1.5712368488311768,3.9454541206359863
1R0R_IL13W,3,1.5239337682724,3.1274588108062744
1R0R_IT12C,3,0.8131969571113586,2.081671953201294
1R0R_IT12D,3,2.8881049156188965,3.1849334239959717
1R0R_IT12I,3,0.25873422622680664,1.5713967084884644
1R0R_IY15A,3,5.474548816680908,4.550236225128174
1R0R_IY15G,3,6.402083396911621,6.27128791809082
1R0R_IY15Q,3,4.503169536590576,4.990955352783203
1SMF_IT2A,3,2.0460517406463623,2.3042800426483154
1TM1_IE41A,3,2.9246554374694824,2.8270061016082764
1TM1_IM40F,3,1.0276678800582886,-0.08250731974840164
1TM5_IA40M,3,-1.0276678800582886,-2.6461102962493896
1TO1_IA42Y,3,-2.9815821647644043,-4.341312885284424
1XD3_BL8A,3,2.6767921447753906,0.7908428311347961
1Z7X_WE287A,3,1.3213245868682861,1.0427299737930298
1Z7X_WS289A,3,0.8143835067749023,0.7093263268470764
2A9K_BG55D,3,2.317685842514038,0.973574697971344
2FTL_IK15D,3,11.502717971801758,10.727839469909668
2FTL_IK15W,3,8.664118766784668,7.994137763977051
2G2U_AD79K,3,-0.4528871178627014,1.6850312948226929
2G2U_BF142A,3,0.2758272886276245,2.1492879390716553
2G2U_BY143A,3,-1.8472355604171753,1.1160372495651245
2G2W_AK79D,3,0.4528871178627014,0.6425919532775879
2J0T_DS68Y,3,2.97835373878479,2.617020845413208
2J0T_DT2A,3,4.289029121398926,1.4722176790237427
2J0T_DV4K,3,1.8245233297348022,-2.25614595413208
2PCC_AV197A,3,2.1026816368103027,0.7649044394493103
2WPT_AE38A,3,4.503169536590576,0.8023892045021057
2WPT_AR35A,3,-1.1109310388565063,1.806824803352356
3BK3_CL2R,3,0.02633553557097912,0.7144849896430969
3BTF_IF13K,3,-7.027210712432861,-8.333883285522461
3SGB_IE13F,3,1.9436081647872925,0.5567691326141357
3SGB_IE13P,3,2.275153636932373,3.9987218379974365
3SGB_IG26W,3,3.912061929702759,1.8754786252975464
3SGB_IL12Q,3,2.6035408973693848,3.8245902061462402
3SGB_IL12V,3,3.040177583694458,2.5171823501586914
3SGB_IN30P,3,0.5794370174407959,2.7167110443115234
3SGB_IN30Y,3,-0.10867909342050552,0.7311524152755737
3SGB_IP8F,3,-0.3449347913265228,-1.0226666927337646
3SGB_IP8I,3,-0.023633696138858795,-0.5483339428901672
3SGB_IP8L,3,-0.1413743942975998,-1.5505203008651733
3SGB_IR15I,3,0.24351918697357178,0.33846017718315125
3SGB_IR15K,3,-0.2777929902076721,-0.09226447343826294
3SGB_IT11G,3,5.584234237670898,3.145118474960327
3SGB_IT11I,3,1.7529135942459106,1.423926830291748
3SGB_IT11Q,3,2.940316677093506,3.2585673332214355
4CPA_IV37F,3,0.0,-0.20283344388008118
4CPA_IV37G,3,3.734722137451172,1.4464937448501587
1A22_AC171A,4,1.0103727579116821,2.5819053649902344
1A22_BC81A,4,0.0,1.7914706468582153
1A22_BP65A,4,3.3057219982147217,1.3023205995559692
1A22_BQ33A,4,0.0,0.8182985186576843
1A4Y_BK40Q,4,4.252427577972412,3.1537744998931885
1A4Y_BR32A,4,0.9102507829666138,-0.14914622902870178
1A4Y_AW375A,4,1.0353621244430542,1.2019773721694946
1ACB_IL38S,4,5.020848274230957,4.81037712097168
1B2U_AA27K,4,-5.046028137207031,-2.2469303607940674
1BRS_AH100G,4,6.820855617523193,2.2037692070007324
1BRS_AR57K,4,2.488123655319214,0.5528122186660767
1BRS_AR81Q,4,5.4200263023376465,1.9053826332092285
1BRS_AR85A,4,5.564701080322266,2.7536206245422363
1CT2_IT13L,4,-3.2047202587127686,-3.7784409523010254
1EAW_AF92A,4,0.892020046710968,1.090577483177185
1EFN_AT13H,4,1.2435485124588013,2.0199460983276367
1EMV_AC21A,4,0.9219698905944824,1.5811269283294678
1EMV_AG47A,4,1.4860434532165527,1.8973220586776733
1EMV_AL31A,4,3.419278860092163,2.2572178840637207
1EMV_AN22A,4,0.13947127759456635,1.8327305316925049
1EMV_AS27A,4,0.9564331769943237,2.3610682487487793
1EMV_BS77A,4,-0.2329934984445572,1.0626792907714844
1EMV_BV98A,4,1.089340090751648,1.4318978786468506
1FCC_CE42A,4,0.3854418992996216,1.6566604375839233
1FCC_CK31A,4,3.477555513381958,1.310501217842102
1FFW_BF56A,4,3.645939826965332,1.3212339878082275
1GC1_CE85A,4,1.3232961893081665,1.4657257795333862
1GC1_CN32A,4,0.1826537549495697,1.2509373426437378
1H9D_BR2A,4,1.1621885299682617,1.326345443725586
1JTG_AM104A,4,0.7388210296630859,1.5922991037368774
1JTG_AP82A,4,-0.38275691866874695,0.975141167640686
1JTG_AV78A,4,1.9107438325881958,1.6621440649032593
1JTG_BY143A,4,0.3820299804210663,1.0971759557724
1KTZ_BE95Q,4,2.0737526416778564,1.0214240550994873
1KTZ_BI29A,4,1.81681227684021,1.5881707668304443
1KTZ_BT27A,4,1.9601203203201294,1.2913631200790405
1PPF_IA15C,4,-0.6737069487571716,0.5701891779899597
1PPF_IA15F,4,-0.07295020669698715,-1.2257508039474487
1PPF_IE19I,4,0.7233257293701172,0.6737566590309143
1PPF_IG32R,4,4.848991870880127,3.3816754817962646
1PPF_IL18K,4,5.736492156982422,3.2148609161376953
1PPF_IN36I,4,0.8715066909790039,1.1480114459991455
1PPF_IN36W,4,1.7278574705123901,0.552324116230011
1PPF_IP14H,4,-1.7655086517333984,-0.3023921251296997
1PPF_IP14V,4,-1.5250530242919922,-0.3178729712963104
1PPF_IR21F,4,-0.98124760389328,-0.16039156913757324
1PPF_IR21P,4,6.705569267272949,2.842848300933838
1PPF_IT17C,4,2.087496757507324,1.4388753175735474
1PPF_IT17G,4,3.599848985671997,3.467423915863037
1PPF_IT17L,4,2.279642343521118,1.3921470642089844
1PPF_IT17V,4,1.4817438125610352,2.214327335357666
1PPF_IY20F,4,0.4820406138896942,0.9974786639213562
1PPF_IY20I,4,3.931631326675415,3.2717862129211426
1PPF_IY20L,4,1.3749107122421265,2.189653158187866
1PPF_IY20R,4,4.372321128845215,4.154219150543213
1R0R_IA10E,4,4.577856063842773,2.156222105026245
1R0R_IA10L,4,-1.7550112009048462,-0.8576483130455017
1R0R_IE14C,4,2.371582269668579,1.4340780973434448
1R0R_IE14R,4,2.0953314304351807,2.012132406234741
1R0R_IE14S,4,3.1751527786254883,1.8820165395736694
1R0R_IK8Q,4,-0.5308891534805298,0.5863997340202332
1R0R_IK8W,4,-1.10543692111969,-0.3253220319747925
1R0R_IL13E,4,2.177367925643921,4.701055526733398
1R0R_IL13F,4,0.6170114278793335,2.1860544681549072
1R0R_IL13H,4,0.5696492195129395,3.4759180545806885
1R0R_IP9L,4,1.1842538118362427,-2.4155819416046143
1R0R_IP9Q,4,-1.4146230220794678,0.2776128649711609
1R0R_IP9W,4,0.48534274101257324,-0.665470540523529
1R0R_IP9Y,4,0.8574670553207397,-1.1664377450942993
1R0R_IR16I,4,0.20706579089164734,0.3250132203102112
1R0R_IY15T,4,5.474548816680908,5.052909851074219
1R0R_IY15W,4,-0.3641657531261444,1.0568569898605347
1SBB_BY91V,4,0.07911093533039093,1.6084290742874146
1SGN_IN13L,4,-3.3998169898986816,-3.5911967754364014
1TM1_IR43A,4,1.2561542987823486,1.8956940174102783
1TM1_IT39A,4,2.5723960399627686,2.470100164413452
1TM1_IT39P,4,3.756010055541992,2.6541600227355957
1UUZ_AH62D,4,3.3792171478271484,3.769022226333618
1XD3_BD39A,4,-0.4106564223766327,0.5934932827949524
1XD3_BI44A,4,0.26598143577575684,2.6055257320404053
1XD3_BR74L,4,2.377732276916504,1.3607332706451416
2B0Z_BI87F,4,-2.528998613357544,-2.4860634803771973
2G2U_BH41A,4,1.7170486450195312,1.407673954963684
2G2U_BW162A,4,0.5312100648880005,1.9404393434524536
2HLE_AL87R,4,2.287297010421753,0.052224934101104736
2I9B_EK131A,4,0.6742783188819885,1.3685598373413086
2J0T_DT2L,4,2.6821537017822266,0.9168739318847656
2J0T_DV4A,4,0.0,0.44172024726867676
2O3B_BE24Q,4,5.3983635902404785,2.3589818477630615
2SGQ_IQ13L,4,-2.6035408973693848,-2.895989179611206
2SIC_IM67V,4,0.7132960557937622,1.4294342994689941
2VLN_BA75N,4,-2.3355860710144043,-0.8563513159751892
2WPT_AD30L,4,-3.403402328491211,-0.8194471597671509
2WPT_BS77A,4,-0.09360992908477783,0.8305702805519104
3BK3_CI22R,4,2.1215648651123047,1.9942620992660522
3BK3_CL2A,4,0.0,1.0915405750274658
3BK3_CT6P,4,1.743019700050354,1.1672863960266113
3BTH_IH13K,4,-8.781781196594238,-8.048333168029785
3SGB_IA9H,4,-0.45318859815597534,1.061310052871704
3SGB_IE13Q,4,0.18353120982646942,1.7648990154266357
3SGB_IE13T,4,2.1434850692749023,1.560842752456665
3SGB_IG26L,4,2.6581475734710693,2.0334417819976807
3SGB_IK7C,4,-0.5848572254180908,-0.3814200162887573
3SGB_IK7G,4,-0.7255579829216003,-0.32622092962265015
3SGB_IL12C,4,-0.013389315456151962,2.6932692527770996
3SGB_IL12N,4,3.3998169898986816,3.491577625274658
3SGB_IL12P,4,8.445844650268555,6.970606327056885
3SGB_IN30A,4,0.33107247948646545,0.3537585139274597
3SGB_IR15M,4,0.1275499165058136,-0.45761704444885254
3SGB_IT11F,4,3.63932466506958,1.722564697265625
3SGB_IT11H,4,3.5076560974121094,2.6419434547424316
3SGB_IT11M,4,2.0356457233428955,1.7349086999893188
4CPA_IV37L,4,1.2793906927108765,-0.11716122925281525
1A22_AK161A,5,2.0150461196899414,3.407027244567871
1A22_AP61A,5,1.2093250751495361,1.660471796989441
1A22_AQ68A,5,0.588454008102417,1.4533593654632568
1A22_AS51A,5,0.3482353687286377,1.0918904542922974
1A22_AT164A,5,1.907029390335083,2.2479889392852783
1A22_BQ121A,5,0.017173724249005318,2.3898143768310547
1A4Y_BE108A,5,-0.32272469997406006,2.0061352252960205
1A4Y_BK40G,5,3.2368004322052,3.4326181411743164
1A4Y_BR5A,5,2.309282064437866,2.5673110485076904
1A4Y_AS289A,5,0.042336005717515945,0.7508044838905334
1ACB_IL38P,5,6.94906759262085,5.890862941741943
1AK4_DA92G,5,1.945265293121338,0.8109323382377625
1AK4_DH87R,5,3.0098745822906494,2.1875643730163574
1BRS_AE58A,5,-0.32587605714797974,2.383291721343994
1BRS_AE71F,5,2.2351796627044678,2.7671120166778564
1EAW_AD91A,5,0.6544404625892639,0.4016309082508087
1EMV_AE39A,5,2.0840137004852295,1.6094484329223633
1EMV_AP45A,5,0.4374687671661377,1.1443369388580322
1EMV_BR54A,5,1.6664471626281738,2.1336116790771484
1EMV_AT25A,5,0.7284601926803589,1.67903733253479
1F47_AL6A,5,0.9254311323165894,2.201679229736328
1FCC_CW43A,5,3.773183822631836,2.1275551319122314
1FFW_BE20A,5,0.6391429305076599,0.7804704308509827
1GC1_CQ25A,5,0.032032232731580734,1.1181488037109375
1IAR_AI5A,5,1.171373963356018,1.4740070104599
1IAR_AQ8A,5,-0.0223593320697546,1.3671679496765137
1IAR_AR88A,5,3.7547178268432617,1.2830204963684082
1IAR_AR88Q,5,2.8289992809295654,1.2103022336959839
1IAR_AW91D,5,1.3066062927246094,1.2775886058807373
1JCK_BY26A,5,1.774827480316162,1.1882954835891724
1KTZ_BE31A,5,1.663096308708191,1.2610678672790527
1KTZ_BS25A,5,0.7731194496154785,2.1928725242614746
1KTZ_BV53A,5,0.8615703582763672,2.2381608486175537
1P6A_AY87S,5,0.0,1.7880139350891113
1PPF_IA15M,5,-0.40133756399154663,0.5181780457496643
1PPF_IA15P,5,1.9954591989517212,1.9590444564819336
1PPF_IA15Y,5,-0.18506699800491333,0.656014084815979
1PPF_IE19K,5,2.120649576187134,2.199732542037964
1PPF_IE19W,5,1.530076026916504,1.0775972604751587
1PPF_IG32A,5,0.23538224399089813,1.4365166425704956
1PPF_IG32C,5,1.1791040897369385,2.087100028991699
1PPF_IG32W,5,1.6439788341522217,2.1026723384857178
1PPF_IL18D,5,7.61348819732666,5.371763229370117
1PPF_IL18E,5,7.056237697601318,6.248620510101318
1PPF_IL18Q,5,3.306267023086548,4.068310260772705
1PPF_IL18W,5,7.5441813468933105,2.4585163593292236
1PPF_IN36C,5,0.6045563817024231,0.3835439085960388
1PPF_IN36P,5,-2.959597587585449,2.504418134689331
1PPF_IN36R,5,1.8697559833526611,1.0864994525909424
1PPF_IP14D,5,-0.4926644563674927,0.8560831546783447
1PPF_IP14F,5,-1.8568356037139893,-1.3508269786834717
1PPF_IR21V,5,-0.34960973262786865,0.4718737304210663
1PPF_IT17K,5,3.388773202896118,3.3540918827056885
1PPF_IT17M,5,2.5024001598358154,2.2276439666748047
1PPF_IY20E,5,6.419517993927002,5.436716556549072
1PPF_IY20P,5,5.367161273956299,5.730350017547607
1R0R_IA10V,5,-0.9535146951675415,-0.10356003791093826
1R0R_IE14A,5,2.0894362926483154,2.5329947471618652
1R0R_IE14Q,5,1.2821743488311768,1.8217743635177612
1R0R_IK8N,5,-0.3908401131629944,0.9128520488739014
1R0R_IK8S,5,-0.3073604106903076,1.2316707372665405
1R0R_IL13M,5,-0.5162599682807922,1.784651756286621
1R0R_IL13V,5,2.1565780639648438,2.821610450744629
1R0R_IP9A,5,-0.6389058828353882,-0.2008192539215088
1R0R_IP9I,5,1.7416746616363525,-2.6214771270751953
1R0R_IP9R,5,1.10240638256073,0.1352488249540329
1R0R_IT12S,5,0.8897486925125122,3.1341617107391357
1SGY_IY13L,5,-1.6760064363479614,-1.2358911037445068
1TM1_IM40K,5,1.0935636758804321,2.2327113151550293
1TM1_IT39D,5,2.099073648452759,3.978050470352173
1TM4_IG40M,5,-2.232905387878418,-4.326950550079346
1TMG_IF40M,5,-1.0276678800582886,0.5164656639099121
1XD3_BK11R,5,1.4024070501327515,1.8990343809127808
1Z7X_WY434A,5,5.955931186676025,1.6177327632904053
2AJF_ET159S,5,1.8239344358444214,1.3192002773284912
2B11_BW87F,5,-0.7541710138320923,0.5698978900909424
2B12_BY87F,5,-1.5754839181900024,0.15140984952449799
2B42_AH357Q,5,1.076115608215332,1.6607060432434082
2BTF_PV60E,5,0.9787291884422302,3.5245842933654785
2FTL_IK15G,5,12.352226257324219,10.717121124267578
2FTL_IK15N,5,8.03310489654541,8.716484069824219
2FTL_IK15S,5,7.723918437957764,9.50417709350586
2FTL_IK15V,5,11.756443977355957,9.063037872314453
2G2U_BE31A,5,0.6508750319480896,0.8797623515129089
2I26_NA29V,5,0.030388813465833664,1.163396954536438
2O3B_BE24D,5,0.5993249416351318,1.3523778915405273
2PCC_AE290A,5,6.202554702758789,0.8793940544128418
2SIC_IM67K,5,0.0,1.2706584930419922
2WPT_BK90A,5,0.49740836024284363,2.3755924701690674
3BK3_CA37R,5,1.3827282190322876,2.4340627193450928
3BK3_CI28R,5,1.1755025386810303,2.789677381515503
3BK3_CI3A,5,1.0386539697647095,1.4491524696350098
3BTD_ID13K,5,-11.502717971801758,-8.886373519897461
3BTM_IM13K,5,-7.692373275756836,-6.432692527770996
3SGB_IA9M,5,0.0889580100774765,0.497013658285141
3SGB_IA9N,5,-0.08912444859743118,2.040069103240967
3SGB_IA9P,5,0.5527053475379944,1.948365569114685
3SGB_IA9Y,5,-1.647277593612671,0.6945643424987793
3SGB_IE13D,5,0.5527053475379944,2.009051561355591
3SGB_IE13L,5,0.779313862323761,0.34398800134658813
3SGB_IG26T,5,3.040177583694458,1.9368573427200317
3SGB_IK7I,5,-1.3446379899978638,0.7089620232582092
3SGB_IK7N,5,-0.6595435738563538,0.9867266416549683
3SGB_IL12D,5,5.66865873336792,5.263939380645752
3SGB_IL12F,5,1.3740181922912598,2.292130947113037
3SGB_IP8E,5,-0.6233893632888794,0.46977144479751587
3SGB_IP8N,5,-0.12480123341083527,0.1015913188457489
3SGB_IP8Q,5,-0.31602898240089417,-0.06185457855463028
3SGB_IP8T,5,-0.10867909342050552,-0.26726096868515015
3SGB_IR15V,5,-0.023633696138858795,0.39564085006713867
3SGB_IT11K,5,2.0356457233428955,3.1913580894470215
3SGB_IY14G,5,2.8423960208892822,5.9089884757995605
3SGB_IY14T,5,4.871827125549316,4.913182258605957
1A22_AE65A,6,-0.4730774760246277,1.2763171195983887
1A22_AQ22A,6,-0.21983741223812103,0.9558292627334595
1A22_AQ46A,6,0.10801676660776138,1.0435634851455688
1A22_AR156A,6,0.27845457196235657,2.227911949157715
1A22_BK122A,6,-0.017686447128653526,1.1499574184417725
1A22_BR11L,6,0.5215702652931213,-1.0918114185333252
1A22_BR11M,6,1.0003997087478638,-0.03442561626434326
1A22_BR30A,6,0.5358468890190125,0.6938413977622986
1A22_BS57A,6,-0.05472675710916519,1.3590971231460571
1A22_BW63F,6,2.784808874130249,1.8814233541488647
1AK4_DP85A,6,2.44988751411438,3.0895090103149414
1AK4_DV86A,6,2.355921745300293,1.9420424699783325
1BRS_AE71A,6,2.3477189540863037,2.2453694343566895
1BRS_AE71C,6,2.528761625289917,1.4164396524429321
1BRS_AH100D,6,4.550590991973877,2.524338722229004
1BRS_AH100L,6,7.666353225708008,2.46795654296875
1BRS_AH100Q,6,4.550590991973877,1.9858317375183105
1CSE_IL38G,6,2.2805771827697754,6.3057169914245605
1CT4_IV13L,6,-3.040177583694458,-2.001412868499756
1EAW_AF50A,6,-0.4288126528263092,1.8023607730865479
1EAW_AI26A,6,-0.8225061297416687,0.9094468355178833
1EMV_BK97A,6,1.960514783859253,2.879870653152466
1EMV_BN75A,6,2.3355860710144043,1.99691903591156
1EMV_AS26A,6,0.17317432165145874,1.3498539924621582
1EMV_BT87A,6,0.15850576758384705,0.7176816463470459
1EMV_AV32A,6,2.5794503688812256,1.325008511543274
1EMV_AY53A,6,4.6368327140808105,2.6817026138305664
1GL0_IM28K,6,-0.5695899724960327,1.9856762886047363
1IAR_AF82A,6,-0.08647068589925766,1.3040764331817627
1IAR_AQ78E,6,0.2450747936964035,1.2217880487442017
1IAR_AR81E,6,1.461734414100647,2.165975570678711
1JTG_BD163K,6,-1.982764482498169,0.6411553025245667
1JTG_AN75A,6,-0.4558051824569702,0.8778149485588074
1JTG_AR217A,6,1.3393713235855103,3.3053817749023438
1JTG_BW150A,6,4.253561973571777,2.2504541873931885
1KAC_AS87Y,6,-1.2527592182159424,-0.09277389943599701
1KTZ_BD8N,6,2.44691801071167,1.0025438070297241
1LFD_AD38A,6,-0.5790618062019348,0.6003322005271912
1LFD_AR7A,6,1.1360437870025635,3.2878167629241943
1MAH_AY121Q,6,2.7729830741882324,1.942514181137085
1PPF_IA15Q,6,0.2497744858264923,2.1946239471435547
1PPF_IA15T,6,0.9628335237503052,0.5414889454841614
1PPF_IG32F,6,1.4817438125610352,2.9027533531188965
1PPF_IG32Q,6,2.7997264862060547,3.4544239044189453
1PPF_IN36M,6,1.094323754310608,-0.1561264842748642
1PPF_IP14Y,6,-0.9626154899597168,-0.6209702491760254
1PPF_IR21D,6,0.20805256068706512,0.7005422711372375
1PPF_IR21G,6,0.5779248476028442,1.9100779294967651
1PPF_IR21L,6,-0.8585862517356873,-1.1110718250274658
1PPF_IR21Y,6,0.22063162922859192,0.2632262408733368
1PPF_IY20D,6,6.419517993927002,5.166531085968018
1PPF_IY20H,6,2.378732442855835,2.83048677444458
1PPF_IY20K,6,4.4940690994262695,4.462951183319092
1R0R_IA10M,6,-1.7396219968795776,0.5372225046157837
1R0R_IA10Y,6,-0.8384865522384644,0.6540116667747498
1R0R_IK8E,6,-0.11043988913297653,0.20334824919700623
1R0R_IL13Y,6,0.44681063294410706,4.945136547088623
1R0R_IP9D,6,-2.5212764739990234,0.4021277129650116
1R0R_IR16D,6,-0.17991724610328674,0.8525707125663757
1R0R_IR16M,6,0.44681063294410706,-0.1767420470714569
1R0R_IR16P,6,7.390504837036133,3.8544516563415527
1R0R_IR16T,6,0.3446420133113861,0.38660120964050293
1R0R_IT12N,6,0.017864227294921875,3.28346848487854
1R0R_IT12Q,6,2.2216382026672363,3.703378915786743
1R0R_IT12R,6,3.345353603363037,3.6370089054107666
1R0R_IY15C,6,3.2540266513824463,3.044369697570801
1R0R_IY15E,6,4.618197917938232,5.684258460998535
1S1Q_AN43A,6,1.2319692373275757,1.18639075756073
1S1Q_AV41A,6,0.6707527041435242,1.879697561264038
1SMF_IE8A,6,1.0128092765808105,0.6827923655509949
1XD3_BK6A,6,1.3440860509872437,2.908907175064087
1XD3_BR42L,6,-0.8621878027915955,1.6502394676208496
1Z7X_WW318A,6,0.9934704303741455,1.8372750282287598
1Z7X_WY437F,6,2.166057586669922,0.7576838135719299
2FTL_IG36A,6,2.2143898010253906,8.787238121032715
2FTL_IK15L,6,8.864103317260742,9.432846069335938
2FTL_IK15T,6,10.59748363494873,10.12160873413086
2G2U_BR144A,6,-0.3423922061920166,0.5992857217788696
2HRK_AT108V,6,0.7210696935653687,1.376223087310791
2J0T_DS68E,6,2.185483932495117,1.8575844764709473
2J1K_CG10D,6,0.1837518960237503,0.5902633666992188
2J1K_CR24A,6,0.76484614610672,0.8278881907463074
2O3B_BD75N,6,5.903257846832275,1.3622397184371948
2O3B_BW76A,6,4.073703765869141,3.049751043319702
2PCB_AE35Q,6,0.6760072708129883,0.9154999256134033
2SIC_IM67E,6,0.7960982918739319,2.218748092651367
2SIC_IM67G,6,0.14522328972816467,1.9668582677841187
2VLO_BA95K,6,-1.960514783859253,-1.9900100231170654
2WPT_AN31V,6,-0.8970479965209961,0.48613038659095764
2WPT_BT80A,6,0.526220440864563,0.8484849333763123
2WPT_AV34A,6,3.809299945831299,1.4687912464141846
3BP8_CA51F,6,0.6154942512512207,2.006218671798706
3BTQ_IQ13K,6,-9.370643615722656,-9.294254302978516
3BTT_IT13K,6,-10.59748363494873,-10.273599624633789
3SGB_IA9F,6,-1.1806398630142212,-0.6210216879844666
3SGB_IA9I,6,-0.45318859815597534,-0.37370675802230835
3SGB_IA9Q,6,0.4301895797252655,2.1297099590301514
3SGB_IA9T,6,0.33107247948646545,0.5022265911102295
3SGB_IE13V,6,0.1275499165058136,0.9015913605690002
3SGB_IG26M,6,2.805795907974243,2.767437696456909
3SGB_IG26V,6,2.728342294692993,3.0121634006500244
3SGB_IK7F,6,-0.7255579829216003,-0.43691760301589966
3SGB_IK7Q,6,-0.6233893632888794,0.5892133116722107
3SGB_IK7R,6,-0.6926963925361633,0.6825875639915466
3SGB_IL12I,6,4.481256008148193,2.842933416366577
3SGB_IP8A,6,-0.18949657678604126,-0.10157739371061325
3SGB_IR15S,6,0.27762654423713684,0.4573293924331665
3SGB_IT11C,6,2.9262657165527344,1.366573452949524
3SGB_IT11W,6,3.040177583694458,1.931057333946228
3SGB_IY14C,6,1.6952435970306396,3.053812265396118
3SGB_IY14D,6,2.9118733406066895,5.110687255859375
3SGB_IY14H,6,1.713875651359558,2.7822959423065186
3SGB_IY14K,6,3.432969808578491,4.406316757202148
1A22_AH21A,7,0.15543822944164276,2.5630152225494385
1A22_AY42A,7,0.19934363663196564,1.850998878479004
1A22_BE34A,7,-0.09423819184303284,0.5204741954803467
1A22_BI62A,7,1.607864499092102,1.436226725578308
1A22_BI64A,7,1.941550850868225,1.4822425842285156
1A22_BT32A,7,0.11091385036706924,0.20706802606582642
1AK4_DP90A,7,3.537181854248047,1.8758280277252197
1B3S_DF30Y,7,0.5960938334465027,0.3464139699935913
1BRS_AE71S,7,3.0104880332946777,2.7058751583099365
1BRS_AH100A,7,6.1457953453063965,4.157747268676758
1CSE_IL38I,7,2.98250150680542,3.4065706729888916
1CSO_II13L,7,-4.481256008148193,-1.8800528049468994
1CT0_IS13L,7,-4.1582350730896,-4.13901948928833
1.00E+96_AI33N,7,2.043041229248047,2.184507131576538
1.00E+96_AN26H,7,1.104526162147522,1.5961427688598633
1EAW_AD47A,7,1.5027753114700317,1.1071128845214844
1EAW_AY141A,7,0.5021535754203796,1.762607216835022
1EFN_AI12A,7,1.4510266780853271,0.13555219769477844
1EMV_BS78A,7,-0.5401384830474854,0.283596396446228
1EMV_AY52A,7,4.836801528930664,3.134840965270996
1F47_AD7A,7,1.7336586713790894,1.981259822845459
1FC2_CK31A,7,1.526620626449585,1.713323712348938
1FFW_BI58A,7,0.42783015966415405,0.17468707263469696
1FFW_AY105W,7,0.7132960557937622,0.748313307762146
1GC1_CH27A,7,0.28255462646484375,0.956557035446167
1HE8_AK80V,7,0.4753517508506775,1.945351243019104
1IAR_AQ78A,7,0.1248420923948288,0.18730303645133972
1JCK_BV91A,7,2.232905387878418,1.674243450164795
1JTG_BH41A,7,3.2497003078460693,1.110634684562683
1JTG_AQ74A,7,0.42960184812545776,0.49972665309906006
1KTZ_BE95A,7,1.9408518075942993,1.049091100692749
1LFD_AK39A,7,1.1793076992034912,2.5034806728363037
1LFD_AN41K,7,-1.1683279275894165,0.2823837995529175
1PPF_IA15K,7,1.1275540590286255,2.0939104557037354
1PPF_IA15W,7,-0.6408453583717346,-0.14304646849632263
1PPF_IG32L,7,3.1298978328704834,2.4743974208831787
1PPF_IL18A,7,1.07108736038208,4.0441083908081055
1PPF_IL18G,7,3.3328986167907715,4.630751609802246
1PPF_IL18I,7,-0.7328830361366272,3.350524425506592
1PPF_IN36F,7,1.8462116718292236,0.18227171897888184
1PPF_IP14A,7,-0.12412893772125244,-0.23977893590927124
1PPF_IP14N,7,-0.6408453583717346,-0.14931751787662506
1PPF_IP14W,7,-2.005016565322876,-0.9238917231559753
1PPF_IR21W,7,-0.5330062508583069,0.3236790895462036
1PPF_IT17Q,7,1.968727469444275,3.6846566200256348
1R0R_IE14F,7,3.618090867996216,0.6723750233650208
1R0R_IK8G,7,-0.8384865522384644,-0.1524311751127243
1R0R_IK8R,7,0.13621847331523895,0.543904185295105
1R0R_IL13C,7,-1.3463069200515747,2.9553768634796143
1R0R_IP9F,7,1.3820353746414185,-1.0398591756820679
1R0R_IP9G,7,-0.34582212567329407,-0.7082778811454773
1R0R_IP9H,7,-0.216517373919487,-0.08664315193891525
1R0R_IR16A,7,-0.09604763239622116,0.7193712592124939
1R0R_IR16W,7,0.94539874792099,0.1546342670917511
1R0R_IT12L,7,0.6687392592430115,1.7150260210037231
1R0R_IT12V,7,0.937170147895813,2.2056350708007812
1R0R_IT12W,7,2.935408115386963,2.0847582817077637
1R0R_IY15K,7,5.512417793273926,4.277376651763916
1R0R_IY15N,7,5.6164469718933105,4.180415153503418
1S0W_CA142F,7,-2.102992057800293,0.1959669142961502
1SBB_BL20T,7,-0.09132687747478485,2.417011260986328
1TM1_IM40G,7,2.232905387878418,3.5057590007781982
1TM1_IR48C,7,3.2358014583587646,1.9841564893722534
1Z7X_WR457A,7,0.8482471108436584,0.8618179559707642
1Z7X_WW261A,7,1.3359538316726685,2.5094547271728516
2BTF_PG120F,7,1.7209311723709106,1.4914698600769043
2FTL_IK15E,7,9.424007415771484,10.126646995544434
2G2U_BH148A,7,1.118950605392456,0.804415762424469
2HLE_AK141Q,7,-0.4106564223766327,1.785833477973938
2HRK_AK140A,7,0.9535146951675415,2.0344436168670654
2J0T_DT2S,7,1.5944323539733887,0.7732189893722534
2O3B_BD75E,7,5.437874794006348,1.468815565109253
2O3B_BE24A,7,5.474915027618408,2.5132040977478027
2PCB_AD34N,7,0.8213128447532654,2.324974775314331
2SIC_IM67H,7,0.21785926818847656,1.5000877380371094
2SIC_IM67I,7,1.6043896675109863,1.5827341079711914
2SIC_IM67L,7,-0.2402186095714569,-0.019486237317323685
2WPT_AD30A,7,-0.13220183551311493,1.4944584369659424
2WPT_AE27A,7,1.733952522277832,1.1087530851364136
2WPT_BF79A,7,1.1701807975769043,3.5436642169952393
2WPT_AR35T,7,-1.038295030593872,0.8186297416687012
3BK3_CI19A,7,0.486391544342041,1.8576565980911255
3BTE_IE13K,7,-9.424007415771484,-10.580567359924316
3D5R_CA38N,7,-1.5695295333862305,-0.48896145820617676
3SGB_IA9E,7,0.6714746952056885,2.3863518238067627
3SGB_IA9L,7,0.1687806099653244,-1.1038750410079956
3SGB_IA9V,7,-0.7847340703010559,-0.3557593822479248
3SGB_IE13W,7,1.5477023124694824,0.8499526977539062
3SGB_IG26A,7,1.2227966785430908,0.5842938423156738
3SGB_IG26C,7,2.611656904220581,1.1691312789916992
3SGB_IG26K,7,2.5250134468078613,3.123640537261963
3SGB_IG26N,7,2.275153636932373,2.2804367542266846
3SGB_IK7P,7,0.0,1.7930680513381958
3SGB_IL12E,7,5.982758045196533,7.101731777191162
3SGB_IN30F,7,-0.1413743942975998,0.15083782374858856
3SGB_IN30M,7,0.1407453864812851,-0.22220216691493988
3SGB_IN30V,7,-0.2418758124113083,0.8204787969589233
3SGB_IP8G,7,0.053752489387989044,-0.6591829061508179
3SGB_IP8S,7,0.06572162359952927,-0.31584447622299194
3SGB_IP8Y,7,-0.40146076679229736,-1.3712154626846313
3SGB_IR15A,7,0.053752489387989044,0.7617747187614441
3SGB_IR15D,7,0.6386131048202515,0.814382016658783
3SGB_IR15F,7,0.22795669734477997,-0.15970036387443542
3SGB_IT11D,7,4.956133842468262,3.1574127674102783
3SGB_IT11S,7,2.466209650039673,1.9705865383148193
3SGB_IY14E,7,2.0356457233428955,4.92548131942749
3SGB_IY14F,7,0.1687806099653244,0.526258111000061
3SGB_IY14L,7,1.5761455297470093,1.7371646165847778
3SGB_IY14M,7,2.002784252166748,2.559556245803833
3SGB_IY14N,7,3.158531904220581,4.043796539306641
3SGB_IY14V,7,4.421689987182617,3.6910834312438965
3SGB_IY14W,7,0.38874247670173645,0.546483039855957
4CPA_IY36G,7,0.5019832849502563,3.0354490280151367
1A22_AD160A,8,0.7909240126609802,0.8506567478179932
1A22_BC67A,8,0.0,1.7359262704849243
1A22_BI120A,8,2.1307570934295654,2.0401251316070557
1A22_BS83A,8,0.274082213640213,1.9081614017486572
1A4Y_BW89A,8,0.2402186095714569,1.1124666929244995
1ACB_IL38D,8,6.866745948791504,5.046487331390381
1AK4_DG89A,8,3.441638231277466,2.0492329597473145
1BRS_DD35A,8,4.503169536590576,3.44771146774292
1BRS_DE74A,8,1.3641711473464966,2.297048807144165
1BRS_AN56A,8,3.0663626194000244,3.2540359497070312
1EAW_AR48A,8,0.5876145362854004,0.688250720500946
1EMV_AI51A,8,0.8481252193450928,2.2610862255096436
1EMV_AS48A,8,2.188220500946045,0.9148547649383545
1F47_AL12A,8,2.2953264713287354,2.983595848083496
1FFW_BC55A,8,0.20430143177509308,2.8955600261688232
1FFW_BH23A,8,0.033863615244627,2.5261471271514893
1GC1_CK46A,8,1.4310189485549927,0.9943472146987915
1GC1_CL44A,8,1.0560202598571777,1.720721960067749
1GC1_CR59A,8,1.1759138107299805,1.2920383214950562
1GC1_CS42A,8,0.0,0.4731537103652954
1GL1_IL29V,8,4.259236812591553,3.3595051765441895
1IAR_AI5R,8,0.7960982918739319,0.500602126121521
1IAR_AR81A,8,0.4796239733695984,1.4418236017227173
1JCK_BF176A,8,2.1339337825775146,2.2469332218170166
1JCK_BT20A,8,1.654841661453247,0.3898652195930481
1JTG_BF142A,8,3.3792171478271484,1.0035834312438965
1JTG_BY50A,8,-0.4069419801235199,1.7801892757415771
1KTZ_AV62I,8,0.2429177165031433,0.7048193216323853
1LFD_AN14K,8,0.40297210216522217,1.429750919342041
1PPF_IA15D,8,1.1382291316986084,3.595654249191284
1PPF_IA15V,8,0.20805256068706512,-0.09862703830003738
1PPF_IE19A,8,1.2032891511917114,2.099435567855835
1PPF_IE19L,8,1.07108736038208,0.7864552736282349
1PPF_IE19N,8,1.2126933336257935,1.6695549488067627
1PPF_IG32H,8,1.504980206489563,2.3706274032592773
1PPF_IG32K,8,3.306267023086548,3.335792064666748
1PPF_IG32T,8,2.8123996257781982,2.539571523666382
1PPF_IL18C,8,-0.08952336758375168,2.144744873046875
1PPF_IN36G,8,-0.5715383291244507,0.3848133683204651
1PPF_IN36K,8,2.6217687129974365,1.2447419166564941
1PPF_IR21A,8,0.20805256068706512,0.7533071637153625
1PPF_IR21C,8,-0.08117883652448654,1.5526994466781616
1PPF_IR21Q,8,-0.01834363117814064,1.1329599618911743
1PPF_IT17H,8,1.6936486959457397,2.5980632305145264
1PPF_IT17S,8,1.504980206489563,2.156595468521118
1PPF_IY20A,8,3.2103826999664307,4.921197414398193
1PPF_IY20S,8,3.6438136100769043,4.882462501525879
1R0R_IA10Q,8,1.8109817504882812,2.6753129959106445
1R0R_IE14L,8,0.5696492195129395,0.7767053842544556
1R0R_IE14M,8,1.5712368488311768,1.1576143503189087
1R0R_IE14V,8,0.0947713702917099,1.0462371110916138
1R0R_IK8I,8,1.1239525079727173,-0.04515799134969711
1R0R_IK8P,8,1.347826600074768,1.1001856327056885
1R0R_IP9E,8,-2.24299955368042,0.14946968853473663
1R0R_IP9T,8,1.1977499723434448,-0.3983430862426758
1R0R_IR16C,8,0.11502811312675476,1.6691522598266602
1R0R_IR16F,8,0.44681063294410706,0.11548548936843872
1R0R_IR16L,8,0.23210270702838898,-0.6957772970199585
1R0R_IR16S,8,-0.01634453982114792,0.6845637559890747
1R0R_IR16V,8,0.11502811312675476,0.368075966835022
1R0R_IR16Y,8,0.8233245611190796,0.4448336064815521
1R0R_IT12E,8,3.2136850357055664,3.8106870651245117
1R0R_IT12H,8,0.5256845355033875,2.5544161796569824
1R0R_IT12P,8,4.94998025894165,3.418909788131714
1R0R_IY15D,8,5.7712931632995605,4.990945339202881
1R0R_IY15M,8,3.1389987468719482,2.978137493133545
1R0R_IY15S,8,5.162713527679443,4.913142681121826
1S1Q_AD44A,8,0.9655211567878723,4.069568157196045
1SGD_ID13L,8,-5.66865873336792,-4.693001747131348
1SMF_II5A,8,3.5114190578460693,-0.832011878490448
1TM1_IR48A,8,2.923438787460327,3.5916647911071777
1XD3_BK27R,8,0.26598143577575684,0.9658936858177185
1XD3_BK6R,8,0.3026396632194519,1.4546316862106323
1Y34_IA41E,8,-3.054218292236328,-3.3521816730499268
1Z7X_WD435A,8,3.66243052482605,2.1164071559906006
1Z7X_WK320A,8,1.3213245868682861,0.994651198387146
2G2U_BE73M,8,-3.5360348224639893,0.09404004365205765
2G2U_BF36A,8,2.763950824737549,1.590739369392395
2G2U_BS35A,8,-0.9508990049362183,0.6040824055671692
2GOX_BR31A,8,2.2467401027679443,1.3653321266174316
2I9B_ER129A,8,-0.2876400649547577,-0.3670015335083008
2J0T_DS68A,8,2.1063730716705322,0.9807698726654053
2J0T_DT2R,8,5.046028137207031,3.352512836456299
2J0T_DV4I,8,1.6426256895065308,0.9135968089103699
2O3B_BQ74A,8,3.232964515686035,1.1533548831939697
2PCC_AD34A,8,-0.8970479965209961,1.200659990310669
2WPT_BS67A,8,-0.8493078947067261,0.5528374910354614
3SGB_IA9G,8,2.486466407775879,0.9184802770614624
3SGB_IA9S,8,0.9109824895858765,0.5096173286437988
3SGB_IE13A,8,1.0192363262176514,1.883448600769043
3SGB_IE13C,8,1.1746745109558105,0.9136853218078613
3SGB_IE13K,8,0.1687806099653244,1.5367846488952637
3SGB_IE13R,8,1.275046706199646,1.8975938558578491
3SGB_IG26E,8,1.9727510213851929,2.8531858921051025
3SGB_IG26F,8,3.022313356399536,2.772491216659546
3SGB_IG26Q,8,2.956298828125,3.711540460586548
3SGB_IK7M,8,-1.1662476062774658,-0.5113235116004944
3SGB_IK7Y,8,-0.5848572254180908,-0.7289926409721375
3SGB_IL12G,8,5.003495693206787,4.064037322998047
3SGB_IN30D,8,0.9109824895858765,0.5261740684509277
3SGB_IN30H,8,-0.12480123341083527,-0.05128796026110649
3SGB_IN30L,8,0.7407817244529724,-0.00442470982670784
3SGB_IN30Q,8,0.24351918697357178,0.3571954071521759
3SGB_IP8C,8,-0.3274226188659668,-1.2845890522003174
3SGB_IR15E,8,0.6714746952056885,0.7222376465797424
3SGB_IR15H,8,0.45373380184173584,-0.3403805196285248
3SGB_IR15L,8,0.22795669734477997,-0.9432679414749146
3SGB_IR15P,8,7.684475898742676,4.13199520111084
3SGB_IT11A,8,3.5919625759124756,2.875542640686035
3SGB_IT11V,8,2.5478909015655518,2.0772364139556885
3SGB_IY14A,8,1.9436081647872925,4.55322265625
3SGB_IY14Q,8,3.2810475826263428,4.704897880554199
4CPA_IV37A,8,2.325532913208008,1.063158392906189
1A22_AN63A,9,0.3143717646598816,1.3940343856811523
1A22_AP48A,9,0.4106564223766327,0.426467627286911
1A22_AR167A,9,2.4257025718688965,0.6760641932487488
1A22_AR64A,9,1.6426256895065308,1.4026004076004028
1A22_BE86A,9,0.9706884026527405,1.3386187553405762
1A22_BN173A,9,0.29562830924987793,0.3229318857192993
1A4Y_BH84A,9,0.17043781280517578,0.6073757410049438
1ACB_IL38G,9,6.118068695068359,4.454803943634033
1AK4_DA88G,9,4.019018173217773,-0.740737795829773
1AK4_DH87Q,9,2.3371121883392334,1.7126469612121582
1BRS_AE71Y,9,2.41373348236084,2.7540388107299805
1BRS_AR57A,9,5.2453718185424805,1.7438091039657593
1BRS_DT42A,9,1.8576297760009766,2.702110528945923
1EAW_AY52A,9,-0.07894066721200943,1.1397851705551147
1EMV_AE28A,9,1.4166347980499268,1.97948157787323
1EMV_BS84A,9,-0.10947242379188538,0.7446150779724121
1EMV_AT36A,9,0.8999664783477783,1.4562333822250366
1F47_AF11A,9,2.4454827308654785,2.973625421524048
1F47_AI8A,9,2.5162453651428223,1.7719262838363647
1F47_AY5A,9,0.8693669438362122,1.4848823547363281
1FC2_CI27A,9,5.276767253875732,1.7080966234207153
1FCC_CT25A,9,0.2402186095714569,2.312656879425049
1GC1_CK29A,9,0.5362386107444763,1.5441054105758667
1GC1_CS23A,9,0.2926822304725647,0.27558955550193787
1H9D_BV3A,9,1.4024070501327515,1.2603950500488281
1IAR_AR85A,9,0.42688900232315063,0.9885690212249756
1IAR_AT6D,9,1.392728567123413,0.07448193430900574
1JTG_BD49A,9,2.5614840984344482,0.7424741983413696
1JTG_AG212S,9,-1.6319506168365479,0.6274824738502502
1JTG_AY80A,9,-0.16837136447429657,2.6117851734161377
1KTZ_BL3A,9,2.2714972496032715,2.1472315788269043
1KTZ_BS28L,9,4.484360218048096,0.019890811294317245
1LFD_AD43A,9,-0.2796773910522461,0.8623231053352356
1PPF_IE19D,9,0.5779248476028442,1.0808275938034058
1PPF_IE19F,9,1.3641711473464966,0.5474341511726379
1PPF_IE19M,9,1.1487152576446533,0.8147177696228027
1PPF_IE19P,9,3.2103826999664307,4.0429487228393555
1PPF_IE19T,9,1.504980206489563,1.6478959321975708
1PPF_IE19V,9,1.159019112586975,0.7574381232261658
1PPF_IG32D,9,2.497086763381958,2.789834976196289
1PPF_IG32I,9,4.372321128845215,3.483290672302246
1PPF_IG32P,9,0.263825386762619,4.448663711547852
1PPF_IL18F,9,5.169495582580566,0.7231244444847107
1PPF_IP14E,9,-1.4290053844451904,-0.21150214970111847
1PPF_IP14I,9,-1.6513597965240479,-0.754583477973938
1PPF_IP14K,9,-0.4486997723579407,0.13147199153900146
1PPF_IP14S,9,-0.5715383291244507,-0.18892405927181244
1PPF_IR21E,9,0.46085023880004883,0.48128384351730347
1PPF_IT17D,9,4.923678398132324,3.4552369117736816
1PPF_IT17P,9,3.074164390563965,3.71634840965271
1PPF_IT17Y,9,2.4808542728424072,1.5470877885818481
1PPF_IY20C,9,3.4516680240631104,2.8076043128967285
1PPF_IY20N,9,3.6438136100769043,4.008893966674805
1R0R_IE14I,9,0.7369973063468933,0.8550140857696533
1R0R_IE14T,9,4.2522759437561035,1.6711546182632446
1R0R_IE14W,9,1.8495138883590698,0.9108323454856873
1R0R_IE14Y,9,1.8898556232452393,1.0731431245803833
1R0R_IK8L,9,-0.32802942395210266,-0.8498808145523071
1R0R_IL13I,9,3.2540266513824463,2.1808254718780518
1R0R_IL13T,9,0.15976271033287048,3.530468463897705
1R0R_IP9K,9,0.3446420133113861,0.24924635887145996
1R0R_IT12A,9,1.1732311248779297,3.243482828140259
1R0R_IT12F,9,-0.06601440161466599,1.529981017112732
1R0R_IT12G,9,3.1389987468719482,3.3671069145202637
1S1Q_AF86A,9,0.7752504348754883,1.7371383905410767
1S1Q_AW73A,9,0.2807824909687042,3.2024948596954346
1SBN_IR38K,9,-0.30999940633773804,0.09178142994642258
1SMF_IS4A,9,1.899971604347229,1.0765745639801025
1TM1_IE41S,9,2.7477686405181885,3.518927812576294
1TM7_IY40M,9,-0.05646670609712601,1.641469120979309
1UUZ_AH62N,9,1.5196093320846558,2.4881093502044678
1XD3_BH68N,9,0.0,2.006687641143799
1Z7X_WI459A,9,0.33742108941078186,0.6347585916519165
2B10_BS87F,9,-1.1648274660110474,-4.153181552886963
2B42_AH357A,9,1.6384583711624146,1.30132257938385
2BTF_PF59A,9,1.5957406759262085,2.5143940448760986
2FTL_II18A,9,5.021842956542969,1.3569532632827759
2FTL_IK15A,9,10.159197807312012,11.877745628356934
2FTL_IK15F,9,7.027210712432861,8.575752258300781
2FTL_IK15Y,9,6.8570098876953125,8.255401611328125
2G2U_BE73A,9,-1.9794374704360962,0.8581562042236328
2G2U_BR160A,9,0.6697938442230225,0.5522043704986572
2G2U_BS113A,9,-0.6123114824295044,0.7781947255134583
2G2U_BY53A,9,2.3017444610595703,1.9100815057754517
2J0T_DS68R,9,2.8363590240478516,2.145491123199463
2J0T_DV4S,9,0.9824205040931702,0.7726510167121887
2OOB_AG13S,9,0.2353639453649521,1.1489055156707764
2PCB_AA193F,9,0.7336772680282593,-1.2283803224563599
2PCB_AE32Q,9,0.6057530641555786,1.5875499248504639
2SIC_IM67A,9,0.21785926818847656,1.3593955039978027
2SIC_IM67D,9,0.7515320777893066,1.9908260107040405
2SIC_IM67R,9,0.0,1.5512415170669556
2WPT_BN65A,9,0.9178253412246704,1.5829581022262573
2WPT_BR47A,9,1.1343426704406738,2.1082236766815186
3BTW_IW13K,9,-8.664118766784668,-8.12649917602539
3SGB_IE13G,9,2.104952812194824,2.3615517616271973
3SGB_IE13I,9,-0.6233893632888794,0.7484937906265259
3SGB_IE13M,9,-0.18949657678604126,0.7709943056106567
3SGB_IG26H,9,2.738189220428467,2.632113218307495
3SGB_IK7H,9,-0.40146076679229736,-0.20477844774723053
3SGB_IL12K,9,3.1820759773254395,4.311979293823242
3SGB_IL12M,9,0.4301895797252655,1.060894250869751
3SGB_IL12R,9,3.366955280303955,5.295801639556885
3SGB_IL12W,9,1.8652080297470093,3.0021042823791504
3SGB_IN30C,9,0.3497045636177063,0.35746893286705017
3SGB_IN30R,9,0.5794370174407959,2.1200380325317383
3SGB_IN30W,9,0.5260738134384155,0.5689361095428467
3SGB_IP8M,9,-0.5005508065223694,-1.0939871072769165
3SGB_IR15W,9,0.31183531880378723,-0.15478777885437012
3SGB_IT11N,9,3.254415988922119,2.614851713180542
3SGB_IT11Y,9,3.366955280303955,1.4798613786697388
3SGB_IY14P,9,6.276340007781982,6.08383321762085
4CPA_IV37I,9,0.19934363663196564,1.10056734085083
