labels,pdb_wt,pdb_mut,chain_prot1,chain_prot2,complex,fold_id
2.49,/home/hs494/graphinity_run/ddg645/pdbs_wt/1AK4.pdb,/home/hs494/graphinity_run/ddg645/pdbs_mut/1AK4_AD88G_fwd.pdb,A,D,1AK4_AD88G,6
0.6,/home/hs494/graphinity_run/ddg645/pdbs_wt/1AK4.pdb,/home/hs494/graphinity_run/ddg645/pdbs_mut/1AK4_AD88V_fwd.pdb,A,D,1AK4_AD88V,6
0.41,/home/hs494/graphinity_run/ddg645/pdbs_wt/1AK4.pdb,/home/hs494/graphinity_run/ddg645/pdbs_mut/1AK4_AD92G_fwd.pdb,A,D,1AK4_AD92G,6
0.19,/home/hs494/graphinity_run/ddg645/pdbs_wt/1AK4.pdb,/home/hs494/graphinity_run/ddg645/pdbs_mut/1AK4_AD92V_fwd.pdb,A,D,1AK4_AD92V,6
1.91,/home/hs494/graphinity_run/ddg645/pdbs_wt/1AK4.pdb,/home/hs494/graphinity_run/ddg645/pdbs_mut/1AK4_GD89A_fwd.pdb,A,D,1AK4_GD89A,6
2.86,/home/hs494/graphinity_run/ddg645/pdbs_wt/1AK4.pdb,/home/hs494/graphinity_run/ddg645/pdbs_mut/1AK4_GD89V_fwd.pdb,A,D,1AK4_GD89V,6
0.84,/home/hs494/graphinity_run/ddg645/pdbs_wt/1AK4.pdb,/home/hs494/graphinity_run/ddg645/pdbs_mut/1AK4_HD87A_fwd.pdb,A,D,1AK4_HD87A,6
0.8,/home/hs494/graphinity_run/ddg645/pdbs_wt/1AK4.pdb,/home/hs494/graphinity_run/ddg645/pdbs_mut/1AK4_HD87Q_fwd.pdb,A,D,1AK4_HD87Q,6
1.48,/home/hs494/graphinity_run/ddg645/pdbs_wt/1AK4.pdb,/home/hs494/graphinity_run/ddg645/pdbs_mut/1AK4_HD87R_fwd.pdb,A,D,1AK4_HD87R,6
0.07,/home/hs494/graphinity_run/ddg645/pdbs_wt/1AK4.pdb,/home/hs494/graphinity_run/ddg645/pdbs_mut/1AK4_ID91A_fwd.pdb,A,D,1AK4_ID91A,6
-0.17,/home/hs494/graphinity_run/ddg645/pdbs_wt/1AK4.pdb,/home/hs494/graphinity_run/ddg645/pdbs_mut/1AK4_ID91V_fwd.pdb,A,D,1AK4_ID91V,6
0.92,/home/hs494/graphinity_run/ddg645/pdbs_wt/1AK4.pdb,/home/hs494/graphinity_run/ddg645/pdbs_mut/1AK4_PD85A_fwd.pdb,A,D,1AK4_PD85A,6
2.0,/home/hs494/graphinity_run/ddg645/pdbs_wt/1AK4.pdb,/home/hs494/graphinity_run/ddg645/pdbs_mut/1AK4_PD90A_fwd.pdb,A,D,1AK4_PD90A,6
2.86,/home/hs494/graphinity_run/ddg645/pdbs_wt/1AK4.pdb,/home/hs494/graphinity_run/ddg645/pdbs_mut/1AK4_PD90V_fwd.pdb,A,D,1AK4_PD90V,6
0.51,/home/hs494/graphinity_run/ddg645/pdbs_wt/1AK4.pdb,/home/hs494/graphinity_run/ddg645/pdbs_mut/1AK4_PD93A_fwd.pdb,A,D,1AK4_PD93A,6
0.82,/home/hs494/graphinity_run/ddg645/pdbs_wt/1AK4.pdb,/home/hs494/graphinity_run/ddg645/pdbs_mut/1AK4_VD86A_fwd.pdb,A,D,1AK4_VD86A,6
0.0,/home/hs494/graphinity_run/ddg645/pdbs_wt/1BJ1.pdb,/home/hs494/graphinity_run/ddg645/pdbs_mut/1BJ1_FV4A_fwd.pdb,HL,VW,1BJ1_FV4A,1
0.0,/home/hs494/graphinity_run/ddg645/pdbs_wt/1BJ1.pdb,/home/hs494/graphinity_run/ddg645/pdbs_mut/1BJ1_YV8A_fwd.pdb,HL,VW,1BJ1_YV8A,1
0.82,/home/hs494/graphinity_run/ddg645/pdbs_wt/1BJ1.pdb,/home/hs494/graphinity_run/ddg645/pdbs_mut/1BJ1_EW80A_fwd.pdb,HL,VW,1BJ1_EW80A,1
2.76,/home/hs494/graphinity_run/ddg645/pdbs_wt/1BJ1.pdb,/home/hs494/graphinity_run/ddg645/pdbs_mut/1BJ1_GW75A_fwd.pdb,HL,VW,1BJ1_GW75A,1
3.69,/home/hs494/graphinity_run/ddg645/pdbs_wt/1BJ1.pdb,/home/hs494/graphinity_run/ddg645/pdbs_mut/1BJ1_GW79A_fwd.pdb,HL,VW,1BJ1_GW79A,1
0.0,/home/hs494/graphinity_run/ddg645/pdbs_wt/1BJ1.pdb,/home/hs494/graphinity_run/ddg645/pdbs_mut/1BJ1_HW73A_fwd.pdb,HL,VW,1BJ1_HW73A,1
0.0,/home/hs494/graphinity_run/ddg645/pdbs_wt/1BJ1.pdb,/home/hs494/graphinity_run/ddg645/pdbs_mut/1BJ1_HW77A_fwd.pdb,HL,VW,1BJ1_HW77A,1
0.82,/home/hs494/graphinity_run/ddg645/pdbs_wt/1BJ1.pdb,/home/hs494/graphinity_run/ddg645/pdbs_mut/1BJ1_IW67A_fwd.pdb,HL,VW,1BJ1_IW67A,1
3.69,/home/hs494/graphinity_run/ddg645/pdbs_wt/1BJ1.pdb,/home/hs494/graphinity_run/ddg645/pdbs_mut/1BJ1_IW70A_fwd.pdb,HL,VW,1BJ1_IW70A,1
0.41,/home/hs494/graphinity_run/ddg645/pdbs_wt/1BJ1.pdb,/home/hs494/graphinity_run/ddg645/pdbs_mut/1BJ1_IW78A_fwd.pdb,HL,VW,1BJ1_IW78A,1
0.41,/home/hs494/graphinity_run/ddg645/pdbs_wt/1BJ1.pdb,/home/hs494/graphinity_run/ddg645/pdbs_mut/1BJ1_KW35A_fwd.pdb,HL,VW,1BJ1_KW35A,1
0.65,/home/hs494/graphinity_run/ddg645/pdbs_wt/1BJ1.pdb,/home/hs494/graphinity_run/ddg645/pdbs_mut/1BJ1_KW71A_fwd.pdb,HL,VW,1BJ1_KW71A,1
3.69,/home/hs494/graphinity_run/ddg645/pdbs_wt/1BJ1.pdb,/home/hs494/graphinity_run/ddg645/pdbs_mut/1BJ1_MW68A_fwd.pdb,HL,VW,1BJ1_MW68A,1
1.42,/home/hs494/graphinity_run/ddg645/pdbs_wt/1BJ1.pdb,/home/hs494/graphinity_run/ddg645/pdbs_mut/1BJ1_MW81A_fwd.pdb,HL,VW,1BJ1_MW81A,1
0.0,/home/hs494/graphinity_run/ddg645/pdbs_wt/1BJ1.pdb,/home/hs494/graphinity_run/ddg645/pdbs_mut/1BJ1_QW66A_fwd.pdb,HL,VW,1BJ1_QW66A,1
0.0,/home/hs494/graphinity_run/ddg645/pdbs_wt/1BJ1.pdb,/home/hs494/graphinity_run/ddg645/pdbs_mut/1BJ1_QW74A_fwd.pdb,HL,VW,1BJ1_QW74A,1
1.75,/home/hs494/graphinity_run/ddg645/pdbs_wt/1BJ1.pdb,/home/hs494/graphinity_run/ddg645/pdbs_mut/1BJ1_QW76A_fwd.pdb,HL,VW,1BJ1_QW76A,1
3.69,/home/hs494/graphinity_run/ddg645/pdbs_wt/1BJ1.pdb,/home/hs494/graphinity_run/ddg645/pdbs_mut/1BJ1_RW69A_fwd.pdb,HL,VW,1BJ1_RW69A,1
0.82,/home/hs494/graphinity_run/ddg645/pdbs_wt/1BJ1.pdb,/home/hs494/graphinity_run/ddg645/pdbs_mut/1BJ1_YW32A_fwd.pdb,HL,VW,1BJ1_YW32A,1
0.0,/home/hs494/graphinity_run/ddg645/pdbs_wt/1CZ8.pdb,/home/hs494/graphinity_run/ddg645/pdbs_mut/1CZ8_FV4A_fwd.pdb,HL,VW,1CZ8_FV4A,1
0.0,/home/hs494/graphinity_run/ddg645/pdbs_wt/1CZ8.pdb,/home/hs494/graphinity_run/ddg645/pdbs_mut/1CZ8_YV8A_fwd.pdb,HL,VW,1CZ8_YV8A,1
1.15,/home/hs494/graphinity_run/ddg645/pdbs_wt/1CZ8.pdb,/home/hs494/graphinity_run/ddg645/pdbs_mut/1CZ8_EW80A_fwd.pdb,HL,VW,1CZ8_EW80A,1
2.67,/home/hs494/graphinity_run/ddg645/pdbs_wt/1CZ8.pdb,/home/hs494/graphinity_run/ddg645/pdbs_mut/1CZ8_GW75A_fwd.pdb,HL,VW,1CZ8_GW75A,1
4.1,/home/hs494/graphinity_run/ddg645/pdbs_wt/1CZ8.pdb,/home/hs494/graphinity_run/ddg645/pdbs_mut/1CZ8_GW79A_fwd.pdb,HL,VW,1CZ8_GW79A,1
0.0,/home/hs494/graphinity_run/ddg645/pdbs_wt/1CZ8.pdb,/home/hs494/graphinity_run/ddg645/pdbs_mut/1CZ8_HW73A_fwd.pdb,HL,VW,1CZ8_HW73A,1
0.0,/home/hs494/graphinity_run/ddg645/pdbs_wt/1CZ8.pdb,/home/hs494/graphinity_run/ddg645/pdbs_mut/1CZ8_HW77A_fwd.pdb,HL,VW,1CZ8_HW77A,1
0.95,/home/hs494/graphinity_run/ddg645/pdbs_wt/1CZ8.pdb,/home/hs494/graphinity_run/ddg645/pdbs_mut/1CZ8_IW67A_fwd.pdb,HL,VW,1CZ8_IW67A,1
1.3,/home/hs494/graphinity_run/ddg645/pdbs_wt/1CZ8.pdb,/home/hs494/graphinity_run/ddg645/pdbs_mut/1CZ8_IW70A_fwd.pdb,HL,VW,1CZ8_IW70A,1
1.06,/home/hs494/graphinity_run/ddg645/pdbs_wt/1CZ8.pdb,/home/hs494/graphinity_run/ddg645/pdbs_mut/1CZ8_IW78A_fwd.pdb,HL,VW,1CZ8_IW78A,1
0.0,/home/hs494/graphinity_run/ddg645/pdbs_wt/1CZ8.pdb,/home/hs494/graphinity_run/ddg645/pdbs_mut/1CZ8_KW35A_fwd.pdb,HL,VW,1CZ8_KW35A,1
1.36,/home/hs494/graphinity_run/ddg645/pdbs_wt/1CZ8.pdb,/home/hs494/graphinity_run/ddg645/pdbs_mut/1CZ8_KW71A_fwd.pdb,HL,VW,1CZ8_KW71A,1
4.1,/home/hs494/graphinity_run/ddg645/pdbs_wt/1CZ8.pdb,/home/hs494/graphinity_run/ddg645/pdbs_mut/1CZ8_MW68A_fwd.pdb,HL,VW,1CZ8_MW68A,1
1.91,/home/hs494/graphinity_run/ddg645/pdbs_wt/1CZ8.pdb,/home/hs494/graphinity_run/ddg645/pdbs_mut/1CZ8_MW81A_fwd.pdb,HL,VW,1CZ8_MW81A,1
0.65,/home/hs494/graphinity_run/ddg645/pdbs_wt/1CZ8.pdb,/home/hs494/graphinity_run/ddg645/pdbs_mut/1CZ8_QW66A_fwd.pdb,HL,VW,1CZ8_QW66A,1
0.0,/home/hs494/graphinity_run/ddg645/pdbs_wt/1CZ8.pdb,/home/hs494/graphinity_run/ddg645/pdbs_mut/1CZ8_QW74A_fwd.pdb,HL,VW,1CZ8_QW74A,1
1.06,/home/hs494/graphinity_run/ddg645/pdbs_wt/1CZ8.pdb,/home/hs494/graphinity_run/ddg645/pdbs_mut/1CZ8_QW76A_fwd.pdb,HL,VW,1CZ8_QW76A,1
0.82,/home/hs494/graphinity_run/ddg645/pdbs_wt/1CZ8.pdb,/home/hs494/graphinity_run/ddg645/pdbs_mut/1CZ8_RW69A_fwd.pdb,HL,VW,1CZ8_RW69A,1
1.94,/home/hs494/graphinity_run/ddg645/pdbs_wt/1CZ8.pdb,/home/hs494/graphinity_run/ddg645/pdbs_mut/1CZ8_YW32A_fwd.pdb,HL,VW,1CZ8_YW32A,1
1.3,/home/hs494/graphinity_run/ddg645/pdbs_wt/1DQJ.pdb,/home/hs494/graphinity_run/ddg645/pdbs_mut/1DQJ_DC101A_fwd.pdb,C,HL,1DQJ_DC101A,4
6.1,/home/hs494/graphinity_run/ddg645/pdbs_wt/1DQJ.pdb,/home/hs494/graphinity_run/ddg645/pdbs_mut/1DQJ_KC96A_fwd.pdb,C,HL,1DQJ_KC96A,4
3.5,/home/hs494/graphinity_run/ddg645/pdbs_wt/1DQJ.pdb,/home/hs494/graphinity_run/ddg645/pdbs_mut/1DQJ_KC97A_fwd.pdb,C,HL,1DQJ_KC97A,4
1.5,/home/hs494/graphinity_run/ddg645/pdbs_wt/1DQJ.pdb,/home/hs494/graphinity_run/ddg645/pdbs_mut/1DQJ_LC75A_fwd.pdb,C,HL,1DQJ_LC75A,4
0.6,/home/hs494/graphinity_run/ddg645/pdbs_wt/1DQJ.pdb,/home/hs494/graphinity_run/ddg645/pdbs_mut/1DQJ_NC93A_fwd.pdb,C,HL,1DQJ_NC93A,4
1.3,/home/hs494/graphinity_run/ddg645/pdbs_wt/1DQJ.pdb,/home/hs494/graphinity_run/ddg645/pdbs_mut/1DQJ_RC21A_fwd.pdb,C,HL,1DQJ_RC21A,4
0.8,/home/hs494/graphinity_run/ddg645/pdbs_wt/1DQJ.pdb,/home/hs494/graphinity_run/ddg645/pdbs_mut/1DQJ_SC100A_fwd.pdb,C,HL,1DQJ_SC100A,4
0.8,/home/hs494/graphinity_run/ddg645/pdbs_wt/1DQJ.pdb,/home/hs494/graphinity_run/ddg645/pdbs_mut/1DQJ_TC89A_fwd.pdb,C,HL,1DQJ_TC89A,4
0.8,/home/hs494/graphinity_run/ddg645/pdbs_wt/1DQJ.pdb,/home/hs494/graphinity_run/ddg645/pdbs_mut/1DQJ_WC62A_fwd.pdb,C,HL,1DQJ_WC62A,4
1.3,/home/hs494/graphinity_run/ddg645/pdbs_wt/1DQJ.pdb,/home/hs494/graphinity_run/ddg645/pdbs_mut/1DQJ_WC63A_fwd.pdb,C,HL,1DQJ_WC63A,4
3.3,/home/hs494/graphinity_run/ddg645/pdbs_wt/1DQJ.pdb,/home/hs494/graphinity_run/ddg645/pdbs_mut/1DQJ_YC20A_fwd.pdb,C,HL,1DQJ_YC20A,4
2.0,/home/hs494/graphinity_run/ddg645/pdbs_wt/1DQJ.pdb,/home/hs494/graphinity_run/ddg645/pdbs_mut/1DQJ_DH32A_fwd.pdb,C,HL,1DQJ_DH32A,4
4.9,/home/hs494/graphinity_run/ddg645/pdbs_wt/1DQJ.pdb,/home/hs494/graphinity_run/ddg645/pdbs_mut/1DQJ_WH98A_fwd.pdb,C,HL,1DQJ_WH98A,4
5.5,/home/hs494/graphinity_run/ddg645/pdbs_wt/1DQJ.pdb,/home/hs494/graphinity_run/ddg645/pdbs_mut/1DQJ_YH33A_fwd.pdb,C,HL,1DQJ_YH33A,4
6.9,/home/hs494/graphinity_run/ddg645/pdbs_wt/1DQJ.pdb,/home/hs494/graphinity_run/ddg645/pdbs_mut/1DQJ_YH50A_fwd.pdb,C,HL,1DQJ_YH50A,4
1.2,/home/hs494/graphinity_run/ddg645/pdbs_wt/1DQJ.pdb,/home/hs494/graphinity_run/ddg645/pdbs_mut/1DQJ_YH53A_fwd.pdb,C,HL,1DQJ_YH53A,4
2.0,/home/hs494/graphinity_run/ddg645/pdbs_wt/1DQJ.pdb,/home/hs494/graphinity_run/ddg645/pdbs_mut/1DQJ_NL31A_fwd.pdb,C,HL,1DQJ_NL31A,4
4.1,/home/hs494/graphinity_run/ddg645/pdbs_wt/1DQJ.pdb,/home/hs494/graphinity_run/ddg645/pdbs_mut/1DQJ_NL32A_fwd.pdb,C,HL,1DQJ_NL32A,4
1.4,/home/hs494/graphinity_run/ddg645/pdbs_wt/1DQJ.pdb,/home/hs494/graphinity_run/ddg645/pdbs_mut/1DQJ_SL91A_fwd.pdb,C,HL,1DQJ_SL91A,4
2.7,/home/hs494/graphinity_run/ddg645/pdbs_wt/1DQJ.pdb,/home/hs494/graphinity_run/ddg645/pdbs_mut/1DQJ_YL50A_fwd.pdb,C,HL,1DQJ_YL50A,4
1.1,/home/hs494/graphinity_run/ddg645/pdbs_wt/1DQJ.pdb,/home/hs494/graphinity_run/ddg645/pdbs_mut/1DQJ_YL96A_fwd.pdb,C,HL,1DQJ_YL96A,4
1.67,/home/hs494/graphinity_run/ddg645/pdbs_wt/1DVF.pdb,/home/hs494/graphinity_run/ddg645/pdbs_mut/1DVF_HA30A_fwd.pdb,AB,CD,1DVF_HA30A,3
1.17,/home/hs494/graphinity_run/ddg645/pdbs_wt/1DVF.pdb,/home/hs494/graphinity_run/ddg645/pdbs_mut/1DVF_SA93A_fwd.pdb,AB,CD,1DVF_SA93A,3
0.34,/home/hs494/graphinity_run/ddg645/pdbs_wt/1DVF.pdb,/home/hs494/graphinity_run/ddg645/pdbs_mut/1DVF_WA92A_fwd.pdb,AB,CD,1DVF_WA92A,3
2.05,/home/hs494/graphinity_run/ddg645/pdbs_wt/1DVF.pdb,/home/hs494/graphinity_run/ddg645/pdbs_mut/1DVF_YA32A_fwd.pdb,AB,CD,1DVF_YA32A,3
1.64,/home/hs494/graphinity_run/ddg645/pdbs_wt/1DVF.pdb,/home/hs494/graphinity_run/ddg645/pdbs_mut/1DVF_YA49A_fwd.pdb,AB,CD,1DVF_YA49A,3
1.64,/home/hs494/graphinity_run/ddg645/pdbs_wt/1DVF.pdb,/home/hs494/graphinity_run/ddg645/pdbs_mut/1DVF_YA49A_fwd.pdb,AB,CD,1DVF_YA49A,3
1.75,/home/hs494/graphinity_run/ddg645/pdbs_wt/1DVF.pdb,/home/hs494/graphinity_run/ddg645/pdbs_mut/1DVF_YA49A_fwd.pdb,AB,CD,1DVF_YA49A,3
1.75,/home/hs494/graphinity_run/ddg645/pdbs_wt/1DVF.pdb,/home/hs494/graphinity_run/ddg645/pdbs_mut/1DVF_YA49A_fwd.pdb,AB,CD,1DVF_YA49A,3
0.69,/home/hs494/graphinity_run/ddg645/pdbs_wt/1DVF.pdb,/home/hs494/graphinity_run/ddg645/pdbs_mut/1DVF_YA50A_fwd.pdb,AB,CD,1DVF_YA50A,3
2.82,/home/hs494/graphinity_run/ddg645/pdbs_wt/1DVF.pdb,/home/hs494/graphinity_run/ddg645/pdbs_mut/1DVF_DB100A_fwd.pdb,AB,CD,1DVF_DB100A,3
4.32,/home/hs494/graphinity_run/ddg645/pdbs_wt/1DVF.pdb,/home/hs494/graphinity_run/ddg645/pdbs_mut/1DVF_DB54A_fwd.pdb,AB,CD,1DVF_DB54A,3
1.62,/home/hs494/graphinity_run/ddg645/pdbs_wt/1DVF.pdb,/home/hs494/graphinity_run/ddg645/pdbs_mut/1DVF_DB58A_fwd.pdb,AB,CD,1DVF_DB58A,3
4.23,/home/hs494/graphinity_run/ddg645/pdbs_wt/1DVF.pdb,/home/hs494/graphinity_run/ddg645/pdbs_mut/1DVF_EB98A_fwd.pdb,AB,CD,1DVF_EB98A,3
1.17,/home/hs494/graphinity_run/ddg645/pdbs_wt/1DVF.pdb,/home/hs494/graphinity_run/ddg645/pdbs_mut/1DVF_NB56A_fwd.pdb,AB,CD,1DVF_NB56A,3
1.89,/home/hs494/graphinity_run/ddg645/pdbs_wt/1DVF.pdb,/home/hs494/graphinity_run/ddg645/pdbs_mut/1DVF_RB99A_fwd.pdb,AB,CD,1DVF_RB99A,3
0.92,/home/hs494/graphinity_run/ddg645/pdbs_wt/1DVF.pdb,/home/hs494/graphinity_run/ddg645/pdbs_mut/1DVF_TB30A_fwd.pdb,AB,CD,1DVF_TB30A,3
4.17,/home/hs494/graphinity_run/ddg645/pdbs_wt/1DVF.pdb,/home/hs494/graphinity_run/ddg645/pdbs_mut/1DVF_WB52A_fwd.pdb,AB,CD,1DVF_WB52A,3
2.03,/home/hs494/graphinity_run/ddg645/pdbs_wt/1DVF.pdb,/home/hs494/graphinity_run/ddg645/pdbs_mut/1DVF_YB101F_fwd.pdb,AB,CD,1DVF_YB101F,3
1.85,/home/hs494/graphinity_run/ddg645/pdbs_wt/1DVF.pdb,/home/hs494/graphinity_run/ddg645/pdbs_mut/1DVF_YB32A_fwd.pdb,AB,CD,1DVF_YB32A,3
1.88,/home/hs494/graphinity_run/ddg645/pdbs_wt/1DVF.pdb,/home/hs494/graphinity_run/ddg645/pdbs_mut/1DVF_YC49A_fwd.pdb,AB,CD,1DVF_YC49A,3
1.7,/home/hs494/graphinity_run/ddg645/pdbs_wt/1DVF.pdb,/home/hs494/graphinity_run/ddg645/pdbs_mut/1DVF_DD52A_fwd.pdb,AB,CD,1DVF_DD52A,3
1.88,/home/hs494/graphinity_run/ddg645/pdbs_wt/1DVF.pdb,/home/hs494/graphinity_run/ddg645/pdbs_mut/1DVF_HD33A_fwd.pdb,AB,CD,1DVF_HD33A,3
2.71,/home/hs494/graphinity_run/ddg645/pdbs_wt/1DVF.pdb,/home/hs494/graphinity_run/ddg645/pdbs_mut/1DVF_ID101A_fwd.pdb,AB,CD,1DVF_ID101A,3
1.01,/home/hs494/graphinity_run/ddg645/pdbs_wt/1DVF.pdb,/home/hs494/graphinity_run/ddg645/pdbs_mut/1DVF_KD30A_fwd.pdb,AB,CD,1DVF_KD30A,3
1.88,/home/hs494/graphinity_run/ddg645/pdbs_wt/1DVF.pdb,/home/hs494/graphinity_run/ddg645/pdbs_mut/1DVF_ND55A_fwd.pdb,AB,CD,1DVF_ND55A,3
1.64,/home/hs494/graphinity_run/ddg645/pdbs_wt/1DVF.pdb,/home/hs494/graphinity_run/ddg645/pdbs_mut/1DVF_QD104A_fwd.pdb,AB,CD,1DVF_QD104A,3
4.13,/home/hs494/graphinity_run/ddg645/pdbs_wt/1DVF.pdb,/home/hs494/graphinity_run/ddg645/pdbs_mut/1DVF_RD106A_fwd.pdb,AB,CD,1DVF_RD106A,3
4.79,/home/hs494/graphinity_run/ddg645/pdbs_wt/1DVF.pdb,/home/hs494/graphinity_run/ddg645/pdbs_mut/1DVF_YD102A_fwd.pdb,AB,CD,1DVF_YD102A,3
0.09,/home/hs494/graphinity_run/ddg645/pdbs_wt/1FFW.pdb,/home/hs494/graphinity_run/ddg645/pdbs_mut/1FFW_AA89V_fwd.pdb,A,B,1FFW_AA89V,5
0.05,/home/hs494/graphinity_run/ddg645/pdbs_wt/1FFW.pdb,/home/hs494/graphinity_run/ddg645/pdbs_mut/1FFW_DA12K_fwd.pdb,A,B,1FFW_DA12K,5
0.71,/home/hs494/graphinity_run/ddg645/pdbs_wt/1FFW.pdb,/home/hs494/graphinity_run/ddg645/pdbs_mut/1FFW_EA116K_fwd.pdb,A,B,1FFW_EA116K,5
0.82,/home/hs494/graphinity_run/ddg645/pdbs_wt/1FFW.pdb,/home/hs494/graphinity_run/ddg645/pdbs_mut/1FFW_EA92K_fwd.pdb,A,B,1FFW_EA92K,5
1.26,/home/hs494/graphinity_run/ddg645/pdbs_wt/1FFW.pdb,/home/hs494/graphinity_run/ddg645/pdbs_mut/1FFW_FA110V_fwd.pdb,A,B,1FFW_FA110V,5
0.56,/home/hs494/graphinity_run/ddg645/pdbs_wt/1FFW.pdb,/home/hs494/graphinity_run/ddg645/pdbs_mut/1FFW_TA111I_fwd.pdb,A,B,1FFW_TA111I,5
-0.32,/home/hs494/graphinity_run/ddg645/pdbs_wt/1FFW.pdb,/home/hs494/graphinity_run/ddg645/pdbs_mut/1FFW_TA86I_fwd.pdb,A,B,1FFW_TA86I,5
1.13,/home/hs494/graphinity_run/ddg645/pdbs_wt/1FFW.pdb,/home/hs494/graphinity_run/ddg645/pdbs_mut/1FFW_VA107M_fwd.pdb,A,B,1FFW_VA107M,5
0.71,/home/hs494/graphinity_run/ddg645/pdbs_wt/1FFW.pdb,/home/hs494/graphinity_run/ddg645/pdbs_mut/1FFW_YA105W_fwd.pdb,A,B,1FFW_YA105W,5
0.11,/home/hs494/graphinity_run/ddg645/pdbs_wt/1JRH.pdb,/home/hs494/graphinity_run/ddg645/pdbs_mut/1JRH_EI35Q_fwd.pdb,HL,I,1JRH_EI35Q,8
-0.02,/home/hs494/graphinity_run/ddg645/pdbs_wt/1JRH.pdb,/home/hs494/graphinity_run/ddg645/pdbs_mut/1JRH_TI4V_fwd.pdb,HL,I,1JRH_TI4V,8
0.82,/home/hs494/graphinity_run/ddg645/pdbs_wt/1JTG.pdb,/home/hs494/graphinity_run/ddg645/pdbs_mut/1JTG_KA208A_fwd.pdb,A,B,1JTG_KA208A,7
0.56,/home/hs494/graphinity_run/ddg645/pdbs_wt/1JTG.pdb,/home/hs494/graphinity_run/ddg645/pdbs_mut/1JTG_RA217A_fwd.pdb,A,B,1JTG_RA217A,7
0.5,/home/hs494/graphinity_run/ddg645/pdbs_wt/1JTG.pdb,/home/hs494/graphinity_run/ddg645/pdbs_mut/1JTG_SA105A_fwd.pdb,A,B,1JTG_SA105A,7
1.32,/home/hs494/graphinity_run/ddg645/pdbs_wt/1JTG.pdb,/home/hs494/graphinity_run/ddg645/pdbs_mut/1JTG_SA209A_fwd.pdb,A,B,1JTG_SA209A,7
1.98,/home/hs494/graphinity_run/ddg645/pdbs_wt/1JTG.pdb,/home/hs494/graphinity_run/ddg645/pdbs_mut/1JTG_DB49A_fwd.pdb,A,B,1JTG_DB49A,7
0.9,/home/hs494/graphinity_run/ddg645/pdbs_wt/1KTZ.pdb,/home/hs494/graphinity_run/ddg645/pdbs_mut/1KTZ_DB94A_fwd.pdb,A,B,1KTZ_DB94A,2
1.4,/home/hs494/graphinity_run/ddg645/pdbs_wt/1KTZ.pdb,/home/hs494/graphinity_run/ddg645/pdbs_mut/1KTZ_DB8A_fwd.pdb,A,B,1KTZ_DB8A,2
1.7,/home/hs494/graphinity_run/ddg645/pdbs_wt/1KTZ.pdb,/home/hs494/graphinity_run/ddg645/pdbs_mut/1KTZ_DB8N_fwd.pdb,A,B,1KTZ_DB8N,2
1.4,/home/hs494/graphinity_run/ddg645/pdbs_wt/1KTZ.pdb,/home/hs494/graphinity_run/ddg645/pdbs_mut/1KTZ_EB95A_fwd.pdb,A,B,1KTZ_EB95A,2
1.7,/home/hs494/graphinity_run/ddg645/pdbs_wt/1KTZ.pdb,/home/hs494/graphinity_run/ddg645/pdbs_mut/1KTZ_EB95Q_fwd.pdb,A,B,1KTZ_EB95Q,2
1.3,/home/hs494/graphinity_run/ddg645/pdbs_wt/1KTZ.pdb,/home/hs494/graphinity_run/ddg645/pdbs_mut/1KTZ_EB31A_fwd.pdb,A,B,1KTZ_EB31A,2
1.0,/home/hs494/graphinity_run/ddg645/pdbs_wt/1KTZ.pdb,/home/hs494/graphinity_run/ddg645/pdbs_mut/1KTZ_EB51A_fwd.pdb,A,B,1KTZ_EB51A,2
0.9,/home/hs494/graphinity_run/ddg645/pdbs_wt/1KTZ.pdb,/home/hs494/graphinity_run/ddg645/pdbs_mut/1KTZ_FB86A_fwd.pdb,A,B,1KTZ_FB86A,2
2.9,/home/hs494/graphinity_run/ddg645/pdbs_wt/1KTZ.pdb,/home/hs494/graphinity_run/ddg645/pdbs_mut/1KTZ_FB6A_fwd.pdb,A,B,1KTZ_FB6A,2
0.4,/home/hs494/graphinity_run/ddg645/pdbs_wt/1KTZ.pdb,/home/hs494/graphinity_run/ddg645/pdbs_mut/1KTZ_HB55A_fwd.pdb,A,B,1KTZ_HB55A,2
0.5,/home/hs494/graphinity_run/ddg645/pdbs_wt/1KTZ.pdb,/home/hs494/graphinity_run/ddg645/pdbs_mut/1KTZ_IB101A_fwd.pdb,A,B,1KTZ_IB101A,2
1.9,/home/hs494/graphinity_run/ddg645/pdbs_wt/1KTZ.pdb,/home/hs494/graphinity_run/ddg645/pdbs_mut/1KTZ_IB26A_fwd.pdb,A,B,1KTZ_IB26A,2
1.2,/home/hs494/graphinity_run/ddg645/pdbs_wt/1KTZ.pdb,/home/hs494/graphinity_run/ddg645/pdbs_mut/1KTZ_IB29A_fwd.pdb,A,B,1KTZ_IB29A,2
1.9,/home/hs494/graphinity_run/ddg645/pdbs_wt/1KTZ.pdb,/home/hs494/graphinity_run/ddg645/pdbs_mut/1KTZ_LB3A_fwd.pdb,A,B,1KTZ_LB3A,2
0.8,/home/hs494/graphinity_run/ddg645/pdbs_wt/1KTZ.pdb,/home/hs494/graphinity_run/ddg645/pdbs_mut/1KTZ_MB88A_fwd.pdb,A,B,1KTZ_MB88A,2
0.3,/home/hs494/graphinity_run/ddg645/pdbs_wt/1KTZ.pdb,/home/hs494/graphinity_run/ddg645/pdbs_mut/1KTZ_NB23A_fwd.pdb,A,B,1KTZ_NB23A,2
0.5,/home/hs494/graphinity_run/ddg645/pdbs_wt/1KTZ.pdb,/home/hs494/graphinity_run/ddg645/pdbs_mut/1KTZ_SB25A_fwd.pdb,A,B,1KTZ_SB25A,2
0.4,/home/hs494/graphinity_run/ddg645/pdbs_wt/1KTZ.pdb,/home/hs494/graphinity_run/ddg645/pdbs_mut/1KTZ_SB28A_fwd.pdb,A,B,1KTZ_SB28A,2
3.7,/home/hs494/graphinity_run/ddg645/pdbs_wt/1KTZ.pdb,/home/hs494/graphinity_run/ddg645/pdbs_mut/1KTZ_SB28L_fwd.pdb,A,B,1KTZ_SB28L,2
1.3,/home/hs494/graphinity_run/ddg645/pdbs_wt/1KTZ.pdb,/home/hs494/graphinity_run/ddg645/pdbs_mut/1KTZ_TB27A_fwd.pdb,A,B,1KTZ_TB27A,2
0.7,/home/hs494/graphinity_run/ddg645/pdbs_wt/1KTZ.pdb,/home/hs494/graphinity_run/ddg645/pdbs_mut/1KTZ_VB38A_fwd.pdb,A,B,1KTZ_VB38A,2
0.5,/home/hs494/graphinity_run/ddg645/pdbs_wt/1KTZ.pdb,/home/hs494/graphinity_run/ddg645/pdbs_mut/1KTZ_VB53A_fwd.pdb,A,B,1KTZ_VB53A,2
0.0,/home/hs494/graphinity_run/ddg645/pdbs_wt/1MHP.pdb,/home/hs494/graphinity_run/ddg645/pdbs_mut/1MHP_FH99W_fwd.pdb,A,HL,1MHP_FH99W,8
0.76,/home/hs494/graphinity_run/ddg645/pdbs_wt/1MHP.pdb,/home/hs494/graphinity_run/ddg645/pdbs_mut/1MHP_FH99Y_fwd.pdb,A,HL,1MHP_FH99Y,8
0.57,/home/hs494/graphinity_run/ddg645/pdbs_wt/1MHP.pdb,/home/hs494/graphinity_run/ddg645/pdbs_mut/1MHP_GH100F_fwd.pdb,A,HL,1MHP_GH100F,8
8.0,/home/hs494/graphinity_run/ddg645/pdbs_wt/1MHP.pdb,/home/hs494/graphinity_run/ddg645/pdbs_mut/1MHP_GH100I_fwd.pdb,A,HL,1MHP_GH100I,8
2.73,/home/hs494/graphinity_run/ddg645/pdbs_wt/1MHP.pdb,/home/hs494/graphinity_run/ddg645/pdbs_mut/1MHP_GH100L_fwd.pdb,A,HL,1MHP_GH100L,8
0.1,/home/hs494/graphinity_run/ddg645/pdbs_wt/1MHP.pdb,/home/hs494/graphinity_run/ddg645/pdbs_mut/1MHP_GH100M_fwd.pdb,A,HL,1MHP_GH100M,8
0.56,/home/hs494/graphinity_run/ddg645/pdbs_wt/1MHP.pdb,/home/hs494/graphinity_run/ddg645/pdbs_mut/1MHP_GH100S_fwd.pdb,A,HL,1MHP_GH100S,8
8.0,/home/hs494/graphinity_run/ddg645/pdbs_wt/1MHP.pdb,/home/hs494/graphinity_run/ddg645/pdbs_mut/1MHP_GH100V_fwd.pdb,A,HL,1MHP_GH100V,8
8.0,/home/hs494/graphinity_run/ddg645/pdbs_wt/1MHP.pdb,/home/hs494/graphinity_run/ddg645/pdbs_mut/1MHP_GH102S_fwd.pdb,A,HL,1MHP_GH102S,8
0.51,/home/hs494/graphinity_run/ddg645/pdbs_wt/1MHP.pdb,/home/hs494/graphinity_run/ddg645/pdbs_mut/1MHP_GH53A_fwd.pdb,A,HL,1MHP_GH53A,8
1.26,/home/hs494/graphinity_run/ddg645/pdbs_wt/1MHP.pdb,/home/hs494/graphinity_run/ddg645/pdbs_mut/1MHP_GH53N_fwd.pdb,A,HL,1MHP_GH53N,8
8.0,/home/hs494/graphinity_run/ddg645/pdbs_wt/1MHP.pdb,/home/hs494/graphinity_run/ddg645/pdbs_mut/1MHP_GH53Q_fwd.pdb,A,HL,1MHP_GH53Q,8
0.68,/home/hs494/graphinity_run/ddg645/pdbs_wt/1MHP.pdb,/home/hs494/graphinity_run/ddg645/pdbs_mut/1MHP_GH53S_fwd.pdb,A,HL,1MHP_GH53S,8
8.0,/home/hs494/graphinity_run/ddg645/pdbs_wt/1MHP.pdb,/home/hs494/graphinity_run/ddg645/pdbs_mut/1MHP_GH53W_fwd.pdb,A,HL,1MHP_GH53W,8
1.36,/home/hs494/graphinity_run/ddg645/pdbs_wt/1MHP.pdb,/home/hs494/graphinity_run/ddg645/pdbs_mut/1MHP_GH54I_fwd.pdb,A,HL,1MHP_GH54I,8
8.0,/home/hs494/graphinity_run/ddg645/pdbs_wt/1MHP.pdb,/home/hs494/graphinity_run/ddg645/pdbs_mut/1MHP_GH54M_fwd.pdb,A,HL,1MHP_GH54M,8
8.0,/home/hs494/graphinity_run/ddg645/pdbs_wt/1MHP.pdb,/home/hs494/graphinity_run/ddg645/pdbs_mut/1MHP_GH54N_fwd.pdb,A,HL,1MHP_GH54N,8
1.17,/home/hs494/graphinity_run/ddg645/pdbs_wt/1MHP.pdb,/home/hs494/graphinity_run/ddg645/pdbs_mut/1MHP_GH54T_fwd.pdb,A,HL,1MHP_GH54T,8
0.0,/home/hs494/graphinity_run/ddg645/pdbs_wt/1MHP.pdb,/home/hs494/graphinity_run/ddg645/pdbs_mut/1MHP_GH54Y_fwd.pdb,A,HL,1MHP_GH54Y,8
8.0,/home/hs494/graphinity_run/ddg645/pdbs_wt/1MHP.pdb,/home/hs494/graphinity_run/ddg645/pdbs_mut/1MHP_HH56Y_fwd.pdb,A,HL,1MHP_HH56Y,8
-0.12,/home/hs494/graphinity_run/ddg645/pdbs_wt/1MHP.pdb,/home/hs494/graphinity_run/ddg645/pdbs_mut/1MHP_KH64D_fwd.pdb,A,HL,1MHP_KH64D,8
-0.16,/home/hs494/graphinity_run/ddg645/pdbs_wt/1MHP.pdb,/home/hs494/graphinity_run/ddg645/pdbs_mut/1MHP_KH64E_fwd.pdb,A,HL,1MHP_KH64E,8
-0.07,/home/hs494/graphinity_run/ddg645/pdbs_wt/1MHP.pdb,/home/hs494/graphinity_run/ddg645/pdbs_mut/1MHP_KH64N_fwd.pdb,A,HL,1MHP_KH64N,8
-0.16,/home/hs494/graphinity_run/ddg645/pdbs_wt/1MHP.pdb,/home/hs494/graphinity_run/ddg645/pdbs_mut/1MHP_KH64Q_fwd.pdb,A,HL,1MHP_KH64Q,8
-0.12,/home/hs494/graphinity_run/ddg645/pdbs_wt/1MHP.pdb,/home/hs494/graphinity_run/ddg645/pdbs_mut/1MHP_LH60D_fwd.pdb,A,HL,1MHP_LH60D,8
1.31,/home/hs494/graphinity_run/ddg645/pdbs_wt/1MHP.pdb,/home/hs494/graphinity_run/ddg645/pdbs_mut/1MHP_RH31Q_fwd.pdb,A,HL,1MHP_RH31Q,8
1.58,/home/hs494/graphinity_run/ddg645/pdbs_wt/1MHP.pdb,/home/hs494/graphinity_run/ddg645/pdbs_mut/1MHP_SH35A_fwd.pdb,A,HL,1MHP_SH35A,8
2.73,/home/hs494/graphinity_run/ddg645/pdbs_wt/1MHP.pdb,/home/hs494/graphinity_run/ddg645/pdbs_mut/1MHP_SH35Q_fwd.pdb,A,HL,1MHP_SH35Q,8
8.0,/home/hs494/graphinity_run/ddg645/pdbs_wt/1MHP.pdb,/home/hs494/graphinity_run/ddg645/pdbs_mut/1MHP_SH35V_fwd.pdb,A,HL,1MHP_SH35V,8
2.08,/home/hs494/graphinity_run/ddg645/pdbs_wt/1MHP.pdb,/home/hs494/graphinity_run/ddg645/pdbs_mut/1MHP_SH52M_fwd.pdb,A,HL,1MHP_SH52M,8
8.0,/home/hs494/graphinity_run/ddg645/pdbs_wt/1MHP.pdb,/home/hs494/graphinity_run/ddg645/pdbs_mut/1MHP_SH52T_fwd.pdb,A,HL,1MHP_SH52T,8
2.73,/home/hs494/graphinity_run/ddg645/pdbs_wt/1MHP.pdb,/home/hs494/graphinity_run/ddg645/pdbs_mut/1MHP_TH33N_fwd.pdb,A,HL,1MHP_TH33N,8
8.0,/home/hs494/graphinity_run/ddg645/pdbs_wt/1MHP.pdb,/home/hs494/graphinity_run/ddg645/pdbs_mut/1MHP_TH33Q_fwd.pdb,A,HL,1MHP_TH33Q,8
0.43,/home/hs494/graphinity_run/ddg645/pdbs_wt/1MHP.pdb,/home/hs494/graphinity_run/ddg645/pdbs_mut/1MHP_TH33V_fwd.pdb,A,HL,1MHP_TH33V,8
8.0,/home/hs494/graphinity_run/ddg645/pdbs_wt/1MHP.pdb,/home/hs494/graphinity_run/ddg645/pdbs_mut/1MHP_TH50E_fwd.pdb,A,HL,1MHP_TH50E,8
8.0,/home/hs494/graphinity_run/ddg645/pdbs_wt/1MHP.pdb,/home/hs494/graphinity_run/ddg645/pdbs_mut/1MHP_TH50Q_fwd.pdb,A,HL,1MHP_TH50Q,8
-0.26,/home/hs494/graphinity_run/ddg645/pdbs_wt/1MHP.pdb,/home/hs494/graphinity_run/ddg645/pdbs_mut/1MHP_TH50V_fwd.pdb,A,HL,1MHP_TH50V,8
2.08,/home/hs494/graphinity_run/ddg645/pdbs_wt/1MHP.pdb,/home/hs494/graphinity_run/ddg645/pdbs_mut/1MHP_YH58E_fwd.pdb,A,HL,1MHP_YH58E,8
2.08,/home/hs494/graphinity_run/ddg645/pdbs_wt/1MHP.pdb,/home/hs494/graphinity_run/ddg645/pdbs_mut/1MHP_YH58Q_fwd.pdb,A,HL,1MHP_YH58Q,8
0.82,/home/hs494/graphinity_run/ddg645/pdbs_wt/1MHP.pdb,/home/hs494/graphinity_run/ddg645/pdbs_mut/1MHP_YH58W_fwd.pdb,A,HL,1MHP_YH58W,8
0.54,/home/hs494/graphinity_run/ddg645/pdbs_wt/1MHP.pdb,/home/hs494/graphinity_run/ddg645/pdbs_mut/1MHP_YH59E_fwd.pdb,A,HL,1MHP_YH59E,8
1.58,/home/hs494/graphinity_run/ddg645/pdbs_wt/1MHP.pdb,/home/hs494/graphinity_run/ddg645/pdbs_mut/1MHP_GL91Q_fwd.pdb,A,HL,1MHP_GL91Q,8
0.51,/home/hs494/graphinity_run/ddg645/pdbs_wt/1MHP.pdb,/home/hs494/graphinity_run/ddg645/pdbs_mut/1MHP_GL91S_fwd.pdb,A,HL,1MHP_GL91S,8
1.17,/home/hs494/graphinity_run/ddg645/pdbs_wt/1MHP.pdb,/home/hs494/graphinity_run/ddg645/pdbs_mut/1MHP_HL30K_fwd.pdb,A,HL,1MHP_HL30K,8
1.12,/home/hs494/graphinity_run/ddg645/pdbs_wt/1MHP.pdb,/home/hs494/graphinity_run/ddg645/pdbs_mut/1MHP_HL30R_fwd.pdb,A,HL,1MHP_HL30R,8
1.26,/home/hs494/graphinity_run/ddg645/pdbs_wt/1MHP.pdb,/home/hs494/graphinity_run/ddg645/pdbs_mut/1MHP_HL30W_fwd.pdb,A,HL,1MHP_HL30W,8
0.71,/home/hs494/graphinity_run/ddg645/pdbs_wt/1MHP.pdb,/home/hs494/graphinity_run/ddg645/pdbs_mut/1MHP_LL48F_fwd.pdb,A,HL,1MHP_LL48F,8
0.93,/home/hs494/graphinity_run/ddg645/pdbs_wt/1MHP.pdb,/home/hs494/graphinity_run/ddg645/pdbs_mut/1MHP_LL48K_fwd.pdb,A,HL,1MHP_LL48K,8
1.91,/home/hs494/graphinity_run/ddg645/pdbs_wt/1MHP.pdb,/home/hs494/graphinity_run/ddg645/pdbs_mut/1MHP_LL48W_fwd.pdb,A,HL,1MHP_LL48W,8
8.0,/home/hs494/graphinity_run/ddg645/pdbs_wt/1MHP.pdb,/home/hs494/graphinity_run/ddg645/pdbs_mut/1MHP_LL48Y_fwd.pdb,A,HL,1MHP_LL48Y,8
8.0,/home/hs494/graphinity_run/ddg645/pdbs_wt/1MHP.pdb,/home/hs494/graphinity_run/ddg645/pdbs_mut/1MHP_NL29K_fwd.pdb,A,HL,1MHP_NL29K,8
1.05,/home/hs494/graphinity_run/ddg645/pdbs_wt/1MHP.pdb,/home/hs494/graphinity_run/ddg645/pdbs_mut/1MHP_NL29V_fwd.pdb,A,HL,1MHP_NL29V,8
1.58,/home/hs494/graphinity_run/ddg645/pdbs_wt/1MHP.pdb,/home/hs494/graphinity_run/ddg645/pdbs_mut/1MHP_NL29W_fwd.pdb,A,HL,1MHP_NL29W,8
1.91,/home/hs494/graphinity_run/ddg645/pdbs_wt/1MHP.pdb,/home/hs494/graphinity_run/ddg645/pdbs_mut/1MHP_NL29Y_fwd.pdb,A,HL,1MHP_NL29Y,8
0.5,/home/hs494/graphinity_run/ddg645/pdbs_wt/1MHP.pdb,/home/hs494/graphinity_run/ddg645/pdbs_mut/1MHP_NL51D_fwd.pdb,A,HL,1MHP_NL51D,8
-0.18,/home/hs494/graphinity_run/ddg645/pdbs_wt/1MHP.pdb,/home/hs494/graphinity_run/ddg645/pdbs_mut/1MHP_NL51E_fwd.pdb,A,HL,1MHP_NL51E,8
0.66,/home/hs494/graphinity_run/ddg645/pdbs_wt/1MHP.pdb,/home/hs494/graphinity_run/ddg645/pdbs_mut/1MHP_NL51K_fwd.pdb,A,HL,1MHP_NL51K,8
0.85,/home/hs494/graphinity_run/ddg645/pdbs_wt/1MHP.pdb,/home/hs494/graphinity_run/ddg645/pdbs_mut/1MHP_NL51R_fwd.pdb,A,HL,1MHP_NL51R,8
-0.1,/home/hs494/graphinity_run/ddg645/pdbs_wt/1MHP.pdb,/home/hs494/graphinity_run/ddg645/pdbs_mut/1MHP_NL51Y_fwd.pdb,A,HL,1MHP_NL51Y,8
8.0,/home/hs494/graphinity_run/ddg645/pdbs_wt/1MHP.pdb,/home/hs494/graphinity_run/ddg645/pdbs_mut/1MHP_NL92D_fwd.pdb,A,HL,1MHP_NL92D,8
-0.07,/home/hs494/graphinity_run/ddg645/pdbs_wt/1MHP.pdb,/home/hs494/graphinity_run/ddg645/pdbs_mut/1MHP_SL23R_fwd.pdb,A,HL,1MHP_SL23R,8
-0.67,/home/hs494/graphinity_run/ddg645/pdbs_wt/1MHP.pdb,/home/hs494/graphinity_run/ddg645/pdbs_mut/1MHP_SL27Q_fwd.pdb,A,HL,1MHP_SL27Q,8
8.0,/home/hs494/graphinity_run/ddg645/pdbs_wt/1MHP.pdb,/home/hs494/graphinity_run/ddg645/pdbs_mut/1MHP_SL90K_fwd.pdb,A,HL,1MHP_SL90K,8
1.78,/home/hs494/graphinity_run/ddg645/pdbs_wt/1MHP.pdb,/home/hs494/graphinity_run/ddg645/pdbs_mut/1MHP_SL90Q_fwd.pdb,A,HL,1MHP_SL90Q,8
2.73,/home/hs494/graphinity_run/ddg645/pdbs_wt/1MHP.pdb,/home/hs494/graphinity_run/ddg645/pdbs_mut/1MHP_SL90R_fwd.pdb,A,HL,1MHP_SL90R,8
2.32,/home/hs494/graphinity_run/ddg645/pdbs_wt/1MHP.pdb,/home/hs494/graphinity_run/ddg645/pdbs_mut/1MHP_SL90T_fwd.pdb,A,HL,1MHP_SL90T,8
8.0,/home/hs494/graphinity_run/ddg645/pdbs_wt/1MHP.pdb,/home/hs494/graphinity_run/ddg645/pdbs_mut/1MHP_SL90W_fwd.pdb,A,HL,1MHP_SL90W,8
2.08,/home/hs494/graphinity_run/ddg645/pdbs_wt/1MHP.pdb,/home/hs494/graphinity_run/ddg645/pdbs_mut/1MHP_WL89Q_fwd.pdb,A,HL,1MHP_WL89Q,8
0.02,/home/hs494/graphinity_run/ddg645/pdbs_wt/1MLC.pdb,/home/hs494/graphinity_run/ddg645/pdbs_mut/1MLC_KH65D_fwd.pdb,E,HL,1MLC_KH65D,9
-0.38,/home/hs494/graphinity_run/ddg645/pdbs_wt/1MLC.pdb,/home/hs494/graphinity_run/ddg645/pdbs_mut/1MLC_SH57A_fwd.pdb,E,HL,1MLC_SH57A,9
-0.49,/home/hs494/graphinity_run/ddg645/pdbs_wt/1MLC.pdb,/home/hs494/graphinity_run/ddg645/pdbs_mut/1MLC_SH57V_fwd.pdb,E,HL,1MLC_SH57V,9
-0.15,/home/hs494/graphinity_run/ddg645/pdbs_wt/1MLC.pdb,/home/hs494/graphinity_run/ddg645/pdbs_mut/1MLC_TH28D_fwd.pdb,E,HL,1MLC_TH28D,9
0.45,/home/hs494/graphinity_run/ddg645/pdbs_wt/1MLC.pdb,/home/hs494/graphinity_run/ddg645/pdbs_mut/1MLC_TH31A_fwd.pdb,E,HL,1MLC_TH31A,9
0.53,/home/hs494/graphinity_run/ddg645/pdbs_wt/1MLC.pdb,/home/hs494/graphinity_run/ddg645/pdbs_mut/1MLC_TH31V_fwd.pdb,E,HL,1MLC_TH31V,9
0.13,/home/hs494/graphinity_run/ddg645/pdbs_wt/1MLC.pdb,/home/hs494/graphinity_run/ddg645/pdbs_mut/1MLC_TH31W_fwd.pdb,E,HL,1MLC_TH31W,9
-0.56,/home/hs494/graphinity_run/ddg645/pdbs_wt/1MLC.pdb,/home/hs494/graphinity_run/ddg645/pdbs_mut/1MLC_TH58D_fwd.pdb,E,HL,1MLC_TH58D,9
-0.85,/home/hs494/graphinity_run/ddg645/pdbs_wt/1MLC.pdb,/home/hs494/graphinity_run/ddg645/pdbs_mut/1MLC_NL32G_fwd.pdb,E,HL,1MLC_NL32G,9
0.0,/home/hs494/graphinity_run/ddg645/pdbs_wt/1MLC.pdb,/home/hs494/graphinity_run/ddg645/pdbs_mut/1MLC_NL32Y_fwd.pdb,E,HL,1MLC_NL32Y,9
-1.25,/home/hs494/graphinity_run/ddg645/pdbs_wt/1MLC.pdb,/home/hs494/graphinity_run/ddg645/pdbs_mut/1MLC_NL92A_fwd.pdb,E,HL,1MLC_NL92A,9
0.25,/home/hs494/graphinity_run/ddg645/pdbs_wt/1N8Z.pdb,/home/hs494/graphinity_run/ddg645/pdbs_mut/1N8Z_DH31A_fwd.pdb,C,HL,1N8Z_DH31A,4
1.21,/home/hs494/graphinity_run/ddg645/pdbs_wt/1N8Z.pdb,/home/hs494/graphinity_run/ddg645/pdbs_mut/1N8Z_DH102A_fwd.pdb,C,HL,1N8Z_DH102A,4
-0.69,/home/hs494/graphinity_run/ddg645/pdbs_wt/1N8Z.pdb,/home/hs494/graphinity_run/ddg645/pdbs_mut/1N8Z_DH102W_fwd.pdb,C,HL,1N8Z_DH102W,4
1.17,/home/hs494/graphinity_run/ddg645/pdbs_wt/1N8Z.pdb,/home/hs494/graphinity_run/ddg645/pdbs_mut/1N8Z_FH104A_fwd.pdb,C,HL,1N8Z_FH104A,4
0.61,/home/hs494/graphinity_run/ddg645/pdbs_wt/1N8Z.pdb,/home/hs494/graphinity_run/ddg645/pdbs_mut/1N8Z_KH30A_fwd.pdb,C,HL,1N8Z_KH30A,4
-0.15,/home/hs494/graphinity_run/ddg645/pdbs_wt/1N8Z.pdb,/home/hs494/graphinity_run/ddg645/pdbs_mut/1N8Z_NH55A_fwd.pdb,C,HL,1N8Z_NH55A,4
8.0,/home/hs494/graphinity_run/ddg645/pdbs_wt/1N8Z.pdb,/home/hs494/graphinity_run/ddg645/pdbs_mut/1N8Z_RH50A_fwd.pdb,C,HL,1N8Z_RH50A,4
0.38,/home/hs494/graphinity_run/ddg645/pdbs_wt/1N8Z.pdb,/home/hs494/graphinity_run/ddg645/pdbs_mut/1N8Z_TH32A_fwd.pdb,C,HL,1N8Z_TH32A,4
0.78,/home/hs494/graphinity_run/ddg645/pdbs_wt/1N8Z.pdb,/home/hs494/graphinity_run/ddg645/pdbs_mut/1N8Z_TH54A_fwd.pdb,C,HL,1N8Z_TH54A,4
8.0,/home/hs494/graphinity_run/ddg645/pdbs_wt/1N8Z.pdb,/home/hs494/graphinity_run/ddg645/pdbs_mut/1N8Z_WH99A_fwd.pdb,C,HL,1N8Z_WH99A,4
8.0,/home/hs494/graphinity_run/ddg645/pdbs_wt/1N8Z.pdb,/home/hs494/graphinity_run/ddg645/pdbs_mut/1N8Z_YH105A_fwd.pdb,C,HL,1N8Z_YH105A,4
-0.05,/home/hs494/graphinity_run/ddg645/pdbs_wt/1N8Z.pdb,/home/hs494/graphinity_run/ddg645/pdbs_mut/1N8Z_YH105F_fwd.pdb,C,HL,1N8Z_YH105F,4
-0.05,/home/hs494/graphinity_run/ddg645/pdbs_wt/1N8Z.pdb,/home/hs494/graphinity_run/ddg645/pdbs_mut/1N8Z_YH105F_fwd.pdb,C,HL,1N8Z_YH105F,4
0.82,/home/hs494/graphinity_run/ddg645/pdbs_wt/1N8Z.pdb,/home/hs494/graphinity_run/ddg645/pdbs_mut/1N8Z_YH105F_fwd.pdb,C,HL,1N8Z_YH105F,4
0.82,/home/hs494/graphinity_run/ddg645/pdbs_wt/1N8Z.pdb,/home/hs494/graphinity_run/ddg645/pdbs_mut/1N8Z_YH105F_fwd.pdb,C,HL,1N8Z_YH105F,4
0.22,/home/hs494/graphinity_run/ddg645/pdbs_wt/1N8Z.pdb,/home/hs494/graphinity_run/ddg645/pdbs_mut/1N8Z_YH109V_fwd.pdb,C,HL,1N8Z_YH109V,4
-0.09,/home/hs494/graphinity_run/ddg645/pdbs_wt/1N8Z.pdb,/home/hs494/graphinity_run/ddg645/pdbs_mut/1N8Z_YH33A_fwd.pdb,C,HL,1N8Z_YH33A,4
0.23,/home/hs494/graphinity_run/ddg645/pdbs_wt/1N8Z.pdb,/home/hs494/graphinity_run/ddg645/pdbs_mut/1N8Z_YH52A_fwd.pdb,C,HL,1N8Z_YH52A,4
0.87,/home/hs494/graphinity_run/ddg645/pdbs_wt/1N8Z.pdb,/home/hs494/graphinity_run/ddg645/pdbs_mut/1N8Z_YH57A_fwd.pdb,C,HL,1N8Z_YH57A,4
-0.28,/home/hs494/graphinity_run/ddg645/pdbs_wt/1N8Z.pdb,/home/hs494/graphinity_run/ddg645/pdbs_mut/1N8Z_DL28N_fwd.pdb,C,HL,1N8Z_DL28N,4
1.21,/home/hs494/graphinity_run/ddg645/pdbs_wt/1N8Z.pdb,/home/hs494/graphinity_run/ddg645/pdbs_mut/1N8Z_FL53N_fwd.pdb,C,HL,1N8Z_FL53N,4
8.0,/home/hs494/graphinity_run/ddg645/pdbs_wt/1N8Z.pdb,/home/hs494/graphinity_run/ddg645/pdbs_mut/1N8Z_HL91A_fwd.pdb,C,HL,1N8Z_HL91A,4
-0.43,/home/hs494/graphinity_run/ddg645/pdbs_wt/1N8Z.pdb,/home/hs494/graphinity_run/ddg645/pdbs_mut/1N8Z_HL91F_fwd.pdb,C,HL,1N8Z_HL91F,4
-0.43,/home/hs494/graphinity_run/ddg645/pdbs_wt/1N8Z.pdb,/home/hs494/graphinity_run/ddg645/pdbs_mut/1N8Z_HL91F_fwd.pdb,C,HL,1N8Z_HL91F,4
0.03,/home/hs494/graphinity_run/ddg645/pdbs_wt/1N8Z.pdb,/home/hs494/graphinity_run/ddg645/pdbs_mut/1N8Z_HL91F_fwd.pdb,C,HL,1N8Z_HL91F,4
0.03,/home/hs494/graphinity_run/ddg645/pdbs_wt/1N8Z.pdb,/home/hs494/graphinity_run/ddg645/pdbs_mut/1N8Z_HL91F_fwd.pdb,C,HL,1N8Z_HL91F,4
1.12,/home/hs494/graphinity_run/ddg645/pdbs_wt/1N8Z.pdb,/home/hs494/graphinity_run/ddg645/pdbs_mut/1N8Z_NL30A_fwd.pdb,C,HL,1N8Z_NL30A,4
0.06,/home/hs494/graphinity_run/ddg645/pdbs_wt/1N8Z.pdb,/home/hs494/graphinity_run/ddg645/pdbs_mut/1N8Z_NL30S_fwd.pdb,C,HL,1N8Z_NL30S,4
0.22,/home/hs494/graphinity_run/ddg645/pdbs_wt/1N8Z.pdb,/home/hs494/graphinity_run/ddg645/pdbs_mut/1N8Z_RL66G_fwd.pdb,C,HL,1N8Z_RL66G,4
-0.07,/home/hs494/graphinity_run/ddg645/pdbs_wt/1N8Z.pdb,/home/hs494/graphinity_run/ddg645/pdbs_mut/1N8Z_SL50A_fwd.pdb,C,HL,1N8Z_SL50A,4
-0.31,/home/hs494/graphinity_run/ddg645/pdbs_wt/1N8Z.pdb,/home/hs494/graphinity_run/ddg645/pdbs_mut/1N8Z_SL52A_fwd.pdb,C,HL,1N8Z_SL52A,4
0.8,/home/hs494/graphinity_run/ddg645/pdbs_wt/1N8Z.pdb,/home/hs494/graphinity_run/ddg645/pdbs_mut/1N8Z_TL31A_fwd.pdb,C,HL,1N8Z_TL31A,4
0.82,/home/hs494/graphinity_run/ddg645/pdbs_wt/1N8Z.pdb,/home/hs494/graphinity_run/ddg645/pdbs_mut/1N8Z_TL93A_fwd.pdb,C,HL,1N8Z_TL93A,4
-0.12,/home/hs494/graphinity_run/ddg645/pdbs_wt/1N8Z.pdb,/home/hs494/graphinity_run/ddg645/pdbs_mut/1N8Z_TL94A_fwd.pdb,C,HL,1N8Z_TL94A,4
0.31,/home/hs494/graphinity_run/ddg645/pdbs_wt/1N8Z.pdb,/home/hs494/graphinity_run/ddg645/pdbs_mut/1N8Z_TL94S_fwd.pdb,C,HL,1N8Z_TL94S,4
1.05,/home/hs494/graphinity_run/ddg645/pdbs_wt/1N8Z.pdb,/home/hs494/graphinity_run/ddg645/pdbs_mut/1N8Z_YL49A_fwd.pdb,C,HL,1N8Z_YL49A,4
1.36,/home/hs494/graphinity_run/ddg645/pdbs_wt/1N8Z.pdb,/home/hs494/graphinity_run/ddg645/pdbs_mut/1N8Z_YL92A_fwd.pdb,C,HL,1N8Z_YL92A,4
-0.21,/home/hs494/graphinity_run/ddg645/pdbs_wt/1N8Z.pdb,/home/hs494/graphinity_run/ddg645/pdbs_mut/1N8Z_YL92F_fwd.pdb,C,HL,1N8Z_YL92F,4
1.0,/home/hs494/graphinity_run/ddg645/pdbs_wt/1VFB.pdb,/home/hs494/graphinity_run/ddg645/pdbs_mut/1VFB_DC119A_fwd.pdb,C,HL,1VFB_DC119A,3
0.3,/home/hs494/graphinity_run/ddg645/pdbs_wt/1VFB.pdb,/home/hs494/graphinity_run/ddg645/pdbs_mut/1VFB_DC18A_fwd.pdb,C,HL,1VFB_DC18A,3
1.2,/home/hs494/graphinity_run/ddg645/pdbs_wt/1VFB.pdb,/home/hs494/graphinity_run/ddg645/pdbs_mut/1VFB_IC124A_fwd.pdb,C,HL,1VFB_IC124A,3
0.7,/home/hs494/graphinity_run/ddg645/pdbs_wt/1VFB.pdb,/home/hs494/graphinity_run/ddg645/pdbs_mut/1VFB_KC116A_fwd.pdb,C,HL,1VFB_KC116A,3
0.2,/home/hs494/graphinity_run/ddg645/pdbs_wt/1VFB.pdb,/home/hs494/graphinity_run/ddg645/pdbs_mut/1VFB_LC129A_fwd.pdb,C,HL,1VFB_LC129A,3
0.3,/home/hs494/graphinity_run/ddg645/pdbs_wt/1VFB.pdb,/home/hs494/graphinity_run/ddg645/pdbs_mut/1VFB_NC19A_fwd.pdb,C,HL,1VFB_NC19A,3
2.9,/home/hs494/graphinity_run/ddg645/pdbs_wt/1VFB.pdb,/home/hs494/graphinity_run/ddg645/pdbs_mut/1VFB_QC121A_fwd.pdb,C,HL,1VFB_QC121A,3
1.8,/home/hs494/graphinity_run/ddg645/pdbs_wt/1VFB.pdb,/home/hs494/graphinity_run/ddg645/pdbs_mut/1VFB_RC125A_fwd.pdb,C,HL,1VFB_RC125A,3
0.8,/home/hs494/graphinity_run/ddg645/pdbs_wt/1VFB.pdb,/home/hs494/graphinity_run/ddg645/pdbs_mut/1VFB_SC24A_fwd.pdb,C,HL,1VFB_SC24A,3
0.8,/home/hs494/graphinity_run/ddg645/pdbs_wt/1VFB.pdb,/home/hs494/graphinity_run/ddg645/pdbs_mut/1VFB_TC118A_fwd.pdb,C,HL,1VFB_TC118A,3
0.9,/home/hs494/graphinity_run/ddg645/pdbs_wt/1VFB.pdb,/home/hs494/graphinity_run/ddg645/pdbs_mut/1VFB_VC120A_fwd.pdb,C,HL,1VFB_VC120A,3
0.4,/home/hs494/graphinity_run/ddg645/pdbs_wt/1VFB.pdb,/home/hs494/graphinity_run/ddg645/pdbs_mut/1VFB_YC23A_fwd.pdb,C,HL,1VFB_YC23A,3
2.9,/home/hs494/graphinity_run/ddg645/pdbs_wt/1VFB.pdb,/home/hs494/graphinity_run/ddg645/pdbs_mut/1VFB_DH100A_fwd.pdb,C,HL,1VFB_DH100A,3
1.0,/home/hs494/graphinity_run/ddg645/pdbs_wt/1VFB.pdb,/home/hs494/graphinity_run/ddg645/pdbs_mut/1VFB_DH54A_fwd.pdb,C,HL,1VFB_DH54A,3
0.08,/home/hs494/graphinity_run/ddg645/pdbs_wt/1VFB.pdb,/home/hs494/graphinity_run/ddg645/pdbs_mut/1VFB_DH58E_fwd.pdb,C,HL,1VFB_DH58E,3
-0.13,/home/hs494/graphinity_run/ddg645/pdbs_wt/1VFB.pdb,/home/hs494/graphinity_run/ddg645/pdbs_mut/1VFB_DH58N_fwd.pdb,C,HL,1VFB_DH58N,3
0.3,/home/hs494/graphinity_run/ddg645/pdbs_wt/1VFB.pdb,/home/hs494/graphinity_run/ddg645/pdbs_mut/1VFB_GH31A_fwd.pdb,C,HL,1VFB_GH31A,3
-0.51,/home/hs494/graphinity_run/ddg645/pdbs_wt/1VFB.pdb,/home/hs494/graphinity_run/ddg645/pdbs_mut/1VFB_GH31E_fwd.pdb,C,HL,1VFB_GH31E,3
0.01,/home/hs494/graphinity_run/ddg645/pdbs_wt/1VFB.pdb,/home/hs494/graphinity_run/ddg645/pdbs_mut/1VFB_GH31W_fwd.pdb,C,HL,1VFB_GH31W,3
0.71,/home/hs494/graphinity_run/ddg645/pdbs_wt/1VFB.pdb,/home/hs494/graphinity_run/ddg645/pdbs_mut/1VFB_RH99W_fwd.pdb,C,HL,1VFB_RH99W,3
1.26,/home/hs494/graphinity_run/ddg645/pdbs_wt/1VFB.pdb,/home/hs494/graphinity_run/ddg645/pdbs_mut/1VFB_RH99Y_fwd.pdb,C,HL,1VFB_RH99Y,3
0.0,/home/hs494/graphinity_run/ddg645/pdbs_wt/1VFB.pdb,/home/hs494/graphinity_run/ddg645/pdbs_mut/1VFB_SH28D_fwd.pdb,C,HL,1VFB_SH28D,3
-0.1,/home/hs494/graphinity_run/ddg645/pdbs_wt/1VFB.pdb,/home/hs494/graphinity_run/ddg645/pdbs_mut/1VFB_SH28E_fwd.pdb,C,HL,1VFB_SH28E,3
0.15,/home/hs494/graphinity_run/ddg645/pdbs_wt/1VFB.pdb,/home/hs494/graphinity_run/ddg645/pdbs_mut/1VFB_SH28N_fwd.pdb,C,HL,1VFB_SH28N,3
0.08,/home/hs494/graphinity_run/ddg645/pdbs_wt/1VFB.pdb,/home/hs494/graphinity_run/ddg645/pdbs_mut/1VFB_SH28Q_fwd.pdb,C,HL,1VFB_SH28Q,3
0.9,/home/hs494/graphinity_run/ddg645/pdbs_wt/1VFB.pdb,/home/hs494/graphinity_run/ddg645/pdbs_mut/1VFB_WH52A_fwd.pdb,C,HL,1VFB_WH52A,3
4.0,/home/hs494/graphinity_run/ddg645/pdbs_wt/1VFB.pdb,/home/hs494/graphinity_run/ddg645/pdbs_mut/1VFB_YH101A_fwd.pdb,C,HL,1VFB_YH101A,3
1.6,/home/hs494/graphinity_run/ddg645/pdbs_wt/1VFB.pdb,/home/hs494/graphinity_run/ddg645/pdbs_mut/1VFB_YH101F_fwd.pdb,C,HL,1VFB_YH101F,3
1.1,/home/hs494/graphinity_run/ddg645/pdbs_wt/1VFB.pdb,/home/hs494/graphinity_run/ddg645/pdbs_mut/1VFB_YH32A_fwd.pdb,C,HL,1VFB_YH32A,3
1.91,/home/hs494/graphinity_run/ddg645/pdbs_wt/1VFB.pdb,/home/hs494/graphinity_run/ddg645/pdbs_mut/1VFB_YH32E_fwd.pdb,C,HL,1VFB_YH32E,3
8.0,/home/hs494/graphinity_run/ddg645/pdbs_wt/1VFB.pdb,/home/hs494/graphinity_run/ddg645/pdbs_mut/1VFB_LL46D_fwd.pdb,C,HL,1VFB_LL46D,3
8.0,/home/hs494/graphinity_run/ddg645/pdbs_wt/1VFB.pdb,/home/hs494/graphinity_run/ddg645/pdbs_mut/1VFB_LL46E_fwd.pdb,C,HL,1VFB_LL46E,3
0.17,/home/hs494/graphinity_run/ddg645/pdbs_wt/1VFB.pdb,/home/hs494/graphinity_run/ddg645/pdbs_mut/1VFB_NL31W_fwd.pdb,C,HL,1VFB_NL31W,3
0.47,/home/hs494/graphinity_run/ddg645/pdbs_wt/1VFB.pdb,/home/hs494/graphinity_run/ddg645/pdbs_mut/1VFB_TL52F_fwd.pdb,C,HL,1VFB_TL52F,3
1.67,/home/hs494/graphinity_run/ddg645/pdbs_wt/1VFB.pdb,/home/hs494/graphinity_run/ddg645/pdbs_mut/1VFB_TL53R_fwd.pdb,C,HL,1VFB_TL53R,3
3.3,/home/hs494/graphinity_run/ddg645/pdbs_wt/1VFB.pdb,/home/hs494/graphinity_run/ddg645/pdbs_mut/1VFB_WL92A_fwd.pdb,C,HL,1VFB_WL92A,3
1.7,/home/hs494/graphinity_run/ddg645/pdbs_wt/1VFB.pdb,/home/hs494/graphinity_run/ddg645/pdbs_mut/1VFB_YL32A_fwd.pdb,C,HL,1VFB_YL32A,3
8.0,/home/hs494/graphinity_run/ddg645/pdbs_wt/1VFB.pdb,/home/hs494/graphinity_run/ddg645/pdbs_mut/1VFB_YL32W_fwd.pdb,C,HL,1VFB_YL32W,3
0.5,/home/hs494/graphinity_run/ddg645/pdbs_wt/1VFB.pdb,/home/hs494/graphinity_run/ddg645/pdbs_mut/1VFB_YL50A_fwd.pdb,C,HL,1VFB_YL50A,3
1.67,/home/hs494/graphinity_run/ddg645/pdbs_wt/1VFB.pdb,/home/hs494/graphinity_run/ddg645/pdbs_mut/1VFB_YL50K_fwd.pdb,C,HL,1VFB_YL50K,3
0.85,/home/hs494/graphinity_run/ddg645/pdbs_wt/1VFB.pdb,/home/hs494/graphinity_run/ddg645/pdbs_mut/1VFB_YL50R_fwd.pdb,C,HL,1VFB_YL50R,3
-0.06,/home/hs494/graphinity_run/ddg645/pdbs_wt/1YY9.pdb,/home/hs494/graphinity_run/ddg645/pdbs_mut/1YY9_NH56A_fwd.pdb,A,HL,1YY9_NH56A,5
-0.06,/home/hs494/graphinity_run/ddg645/pdbs_wt/1YY9.pdb,/home/hs494/graphinity_run/ddg645/pdbs_mut/1YY9_TH61E_fwd.pdb,A,HL,1YY9_TH61E,5
-0.74,/home/hs494/graphinity_run/ddg645/pdbs_wt/1YY9.pdb,/home/hs494/graphinity_run/ddg645/pdbs_mut/1YY9_NL93A_fwd.pdb,A,HL,1YY9_NL93A,5
-0.2,/home/hs494/graphinity_run/ddg645/pdbs_wt/1YY9.pdb,/home/hs494/graphinity_run/ddg645/pdbs_mut/1YY9_SL26D_fwd.pdb,A,HL,1YY9_SL26D,5
-0.52,/home/hs494/graphinity_run/ddg645/pdbs_wt/1YY9.pdb,/home/hs494/graphinity_run/ddg645/pdbs_mut/1YY9_TL31E_fwd.pdb,A,HL,1YY9_TL31E,5
0.0,/home/hs494/graphinity_run/ddg645/pdbs_wt/2JEL.pdb,/home/hs494/graphinity_run/ddg645/pdbs_mut/2JEL_AP82S_fwd.pdb,HL,P,2JEL_AP82S,9
0.96,/home/hs494/graphinity_run/ddg645/pdbs_wt/2JEL.pdb,/home/hs494/graphinity_run/ddg645/pdbs_mut/2JEL_DP69E_fwd.pdb,HL,P,2JEL_DP69E,9
0.41,/home/hs494/graphinity_run/ddg645/pdbs_wt/2JEL.pdb,/home/hs494/graphinity_run/ddg645/pdbs_mut/2JEL_EP5D_fwd.pdb,HL,P,2JEL_EP5D,9
0.72,/home/hs494/graphinity_run/ddg645/pdbs_wt/2JEL.pdb,/home/hs494/graphinity_run/ddg645/pdbs_mut/2JEL_EP5Q_fwd.pdb,HL,P,2JEL_EP5Q,9
4.13,/home/hs494/graphinity_run/ddg645/pdbs_wt/2JEL.pdb,/home/hs494/graphinity_run/ddg645/pdbs_mut/2JEL_EP66K_fwd.pdb,HL,P,2JEL_EP66K,9
0.41,/home/hs494/graphinity_run/ddg645/pdbs_wt/2JEL.pdb,/home/hs494/graphinity_run/ddg645/pdbs_mut/2JEL_EP68A_fwd.pdb,HL,P,2JEL_EP68A,9
2.75,/home/hs494/graphinity_run/ddg645/pdbs_wt/2JEL.pdb,/home/hs494/graphinity_run/ddg645/pdbs_mut/2JEL_EP70A_fwd.pdb,HL,P,2JEL_EP70A,9
4.13,/home/hs494/graphinity_run/ddg645/pdbs_wt/2JEL.pdb,/home/hs494/graphinity_run/ddg645/pdbs_mut/2JEL_EP70K_fwd.pdb,HL,P,2JEL_EP70K,9
2.75,/home/hs494/graphinity_run/ddg645/pdbs_wt/2JEL.pdb,/home/hs494/graphinity_run/ddg645/pdbs_mut/2JEL_EP75R_fwd.pdb,HL,P,2JEL_EP75R,9
0.0,/home/hs494/graphinity_run/ddg645/pdbs_wt/2JEL.pdb,/home/hs494/graphinity_run/ddg645/pdbs_mut/2JEL_EP83A_fwd.pdb,HL,P,2JEL_EP83A,9
0.0,/home/hs494/graphinity_run/ddg645/pdbs_wt/2JEL.pdb,/home/hs494/graphinity_run/ddg645/pdbs_mut/2JEL_EP85A_fwd.pdb,HL,P,2JEL_EP85A,9
0.0,/home/hs494/graphinity_run/ddg645/pdbs_wt/2JEL.pdb,/home/hs494/graphinity_run/ddg645/pdbs_mut/2JEL_EP85D_fwd.pdb,HL,P,2JEL_EP85D,9
0.0,/home/hs494/graphinity_run/ddg645/pdbs_wt/2JEL.pdb,/home/hs494/graphinity_run/ddg645/pdbs_mut/2JEL_EP85K_fwd.pdb,HL,P,2JEL_EP85K,9
0.0,/home/hs494/graphinity_run/ddg645/pdbs_wt/2JEL.pdb,/home/hs494/graphinity_run/ddg645/pdbs_mut/2JEL_EP85Q_fwd.pdb,HL,P,2JEL_EP85Q,9
2.64,/home/hs494/graphinity_run/ddg645/pdbs_wt/2JEL.pdb,/home/hs494/graphinity_run/ddg645/pdbs_mut/2JEL_FP2W_fwd.pdb,HL,P,2JEL_FP2W,9
0.0,/home/hs494/graphinity_run/ddg645/pdbs_wt/2JEL.pdb,/home/hs494/graphinity_run/ddg645/pdbs_mut/2JEL_FP2Y_fwd.pdb,HL,P,2JEL_FP2Y,9
-0.41,/home/hs494/graphinity_run/ddg645/pdbs_wt/2JEL.pdb,/home/hs494/graphinity_run/ddg645/pdbs_mut/2JEL_HP76A_fwd.pdb,HL,P,2JEL_HP76A,9
-0.66,/home/hs494/graphinity_run/ddg645/pdbs_wt/2JEL.pdb,/home/hs494/graphinity_run/ddg645/pdbs_mut/2JEL_HP76D_fwd.pdb,HL,P,2JEL_HP76D,9
0.0,/home/hs494/graphinity_run/ddg645/pdbs_wt/2JEL.pdb,/home/hs494/graphinity_run/ddg645/pdbs_mut/2JEL_KP24E_fwd.pdb,HL,P,2JEL_KP24E,9
0.0,/home/hs494/graphinity_run/ddg645/pdbs_wt/2JEL.pdb,/home/hs494/graphinity_run/ddg645/pdbs_mut/2JEL_KP27E_fwd.pdb,HL,P,2JEL_KP27E,9
0.41,/home/hs494/graphinity_run/ddg645/pdbs_wt/2JEL.pdb,/home/hs494/graphinity_run/ddg645/pdbs_mut/2JEL_KP72E_fwd.pdb,HL,P,2JEL_KP72E,9
0.0,/home/hs494/graphinity_run/ddg645/pdbs_wt/2JEL.pdb,/home/hs494/graphinity_run/ddg645/pdbs_mut/2JEL_KP72R_fwd.pdb,HL,P,2JEL_KP72R,9
0.41,/home/hs494/graphinity_run/ddg645/pdbs_wt/2JEL.pdb,/home/hs494/graphinity_run/ddg645/pdbs_mut/2JEL_KP79E_fwd.pdb,HL,P,2JEL_KP79E,9
0.0,/home/hs494/graphinity_run/ddg645/pdbs_wt/2JEL.pdb,/home/hs494/graphinity_run/ddg645/pdbs_mut/2JEL_NP12D_fwd.pdb,HL,P,2JEL_NP12D,9
0.0,/home/hs494/graphinity_run/ddg645/pdbs_wt/2JEL.pdb,/home/hs494/graphinity_run/ddg645/pdbs_mut/2JEL_NP38T_fwd.pdb,HL,P,2JEL_NP38T,9
0.0,/home/hs494/graphinity_run/ddg645/pdbs_wt/2JEL.pdb,/home/hs494/graphinity_run/ddg645/pdbs_mut/2JEL_PP11E_fwd.pdb,HL,P,2JEL_PP11E,9
4.13,/home/hs494/graphinity_run/ddg645/pdbs_wt/2JEL.pdb,/home/hs494/graphinity_run/ddg645/pdbs_mut/2JEL_QP3K_fwd.pdb,HL,P,2JEL_QP3K,9
1.38,/home/hs494/graphinity_run/ddg645/pdbs_wt/2JEL.pdb,/home/hs494/graphinity_run/ddg645/pdbs_mut/2JEL_QP4K_fwd.pdb,HL,P,2JEL_QP4K,9
-0.41,/home/hs494/graphinity_run/ddg645/pdbs_wt/2JEL.pdb,/home/hs494/graphinity_run/ddg645/pdbs_mut/2JEL_QP57E_fwd.pdb,HL,P,2JEL_QP57E,9
2.75,/home/hs494/graphinity_run/ddg645/pdbs_wt/2JEL.pdb,/home/hs494/graphinity_run/ddg645/pdbs_mut/2JEL_QP71E_fwd.pdb,HL,P,2JEL_QP71E,9
0.0,/home/hs494/graphinity_run/ddg645/pdbs_wt/2JEL.pdb,/home/hs494/graphinity_run/ddg645/pdbs_mut/2JEL_RP17G_fwd.pdb,HL,P,2JEL_RP17G,9
0.0,/home/hs494/graphinity_run/ddg645/pdbs_wt/2JEL.pdb,/home/hs494/graphinity_run/ddg645/pdbs_mut/2JEL_RP17K_fwd.pdb,HL,P,2JEL_RP17K,9
1.51,/home/hs494/graphinity_run/ddg645/pdbs_wt/2JEL.pdb,/home/hs494/graphinity_run/ddg645/pdbs_mut/2JEL_SP41C_fwd.pdb,HL,P,2JEL_SP41C,9
0.0,/home/hs494/graphinity_run/ddg645/pdbs_wt/2JEL.pdb,/home/hs494/graphinity_run/ddg645/pdbs_mut/2JEL_SP43C_fwd.pdb,HL,P,2JEL_SP43C,9
0.0,/home/hs494/graphinity_run/ddg645/pdbs_wt/2JEL.pdb,/home/hs494/graphinity_run/ddg645/pdbs_mut/2JEL_SP46C_fwd.pdb,HL,P,2JEL_SP46C,9
4.13,/home/hs494/graphinity_run/ddg645/pdbs_wt/2JEL.pdb,/home/hs494/graphinity_run/ddg645/pdbs_mut/2JEL_SP64T_fwd.pdb,HL,P,2JEL_SP64T,9
0.0,/home/hs494/graphinity_run/ddg645/pdbs_wt/2JEL.pdb,/home/hs494/graphinity_run/ddg645/pdbs_mut/2JEL_TP34Q_fwd.pdb,HL,P,2JEL_TP34Q,9
0.41,/home/hs494/graphinity_run/ddg645/pdbs_wt/2JEL.pdb,/home/hs494/graphinity_run/ddg645/pdbs_mut/2JEL_TP36Q_fwd.pdb,HL,P,2JEL_TP36Q,9
0.0,/home/hs494/graphinity_run/ddg645/pdbs_wt/2JEL.pdb,/home/hs494/graphinity_run/ddg645/pdbs_mut/2JEL_TP62A_fwd.pdb,HL,P,2JEL_TP62A,9
0.0,/home/hs494/graphinity_run/ddg645/pdbs_wt/2JEL.pdb,/home/hs494/graphinity_run/ddg645/pdbs_mut/2JEL_TP62N_fwd.pdb,HL,P,2JEL_TP62N,9
0.41,/home/hs494/graphinity_run/ddg645/pdbs_wt/2JEL.pdb,/home/hs494/graphinity_run/ddg645/pdbs_mut/2JEL_TP7N_fwd.pdb,HL,P,2JEL_TP7N,9
0.0,/home/hs494/graphinity_run/ddg645/pdbs_wt/2JEL.pdb,/home/hs494/graphinity_run/ddg645/pdbs_mut/2JEL_TP7S_fwd.pdb,HL,P,2JEL_TP7S,9
0.0,/home/hs494/graphinity_run/ddg645/pdbs_wt/2JEL.pdb,/home/hs494/graphinity_run/ddg645/pdbs_mut/2JEL_VP6F_fwd.pdb,HL,P,2JEL_VP6F,9
0.01,/home/hs494/graphinity_run/ddg645/pdbs_wt/2NYY.pdb,/home/hs494/graphinity_run/ddg645/pdbs_mut/2NYY_DA1030A_fwd.pdb,A,HL,2NYY_DA1030A,0
2.53,/home/hs494/graphinity_run/ddg645/pdbs_wt/2NYY.pdb,/home/hs494/graphinity_run/ddg645/pdbs_mut/2NYY_DA1034A_fwd.pdb,A,HL,2NYY_DA1034A,0
2.84,/home/hs494/graphinity_run/ddg645/pdbs_wt/2NYY.pdb,/home/hs494/graphinity_run/ddg645/pdbs_mut/2NYY_EA892A_fwd.pdb,A,HL,2NYY_EA892A,0
0.42,/home/hs494/graphinity_run/ddg645/pdbs_wt/2NYY.pdb,/home/hs494/graphinity_run/ddg645/pdbs_mut/2NYY_FA889A_fwd.pdb,A,HL,2NYY_FA889A,0
4.06,/home/hs494/graphinity_run/ddg645/pdbs_wt/2NYY.pdb,/home/hs494/graphinity_run/ddg645/pdbs_mut/2NYY_FA925A_fwd.pdb,A,HL,2NYY_FA925A,0
7.32,/home/hs494/graphinity_run/ddg645/pdbs_wt/2NYY.pdb,/home/hs494/graphinity_run/ddg645/pdbs_mut/2NYY_HA1036A_fwd.pdb,A,HL,2NYY_HA1036A,0
-0.01,/home/hs494/graphinity_run/ddg645/pdbs_wt/2NYY.pdb,/home/hs494/graphinity_run/ddg645/pdbs_mut/2NYY_IA928A_fwd.pdb,A,HL,2NYY_IA928A,0
-0.03,/home/hs494/graphinity_run/ddg645/pdbs_wt/2NYY.pdb,/home/hs494/graphinity_run/ddg645/pdbs_mut/2NYY_KA1028A_fwd.pdb,A,HL,2NYY_KA1028A,0
0.29,/home/hs494/graphinity_run/ddg645/pdbs_wt/2NYY.pdb,/home/hs494/graphinity_run/ddg645/pdbs_mut/2NYY_KA875A_fwd.pdb,A,HL,2NYY_KA875A,0
-0.14,/home/hs494/graphinity_run/ddg645/pdbs_wt/2NYY.pdb,/home/hs494/graphinity_run/ddg645/pdbs_mut/2NYY_KA895A_fwd.pdb,A,HL,2NYY_KA895A,0
2.59,/home/hs494/graphinity_run/ddg645/pdbs_wt/2NYY.pdb,/home/hs494/graphinity_run/ddg645/pdbs_mut/2NYY_LA891A_fwd.pdb,A,HL,2NYY_LA891A,0
0.89,/home/hs494/graphinity_run/ddg645/pdbs_wt/2NYY.pdb,/home/hs494/graphinity_run/ddg645/pdbs_mut/2NYY_NA890A_fwd.pdb,A,HL,2NYY_NA890A,0
0.1,/home/hs494/graphinity_run/ddg645/pdbs_wt/2NYY.pdb,/home/hs494/graphinity_run/ddg645/pdbs_mut/2NYY_NA926A_fwd.pdb,A,HL,2NYY_NA926A,0
0.52,/home/hs494/graphinity_run/ddg645/pdbs_wt/2NYY.pdb,/home/hs494/graphinity_run/ddg645/pdbs_mut/2NYY_QA887A_fwd.pdb,A,HL,2NYY_QA887A,0
0.82,/home/hs494/graphinity_run/ddg645/pdbs_wt/2NYY.pdb,/home/hs494/graphinity_run/ddg645/pdbs_mut/2NYY_RA1033A_fwd.pdb,A,HL,2NYY_RA1033A,0
0.3,/home/hs494/graphinity_run/ddg645/pdbs_wt/2NYY.pdb,/home/hs494/graphinity_run/ddg645/pdbs_mut/2NYY_RA1266A_fwd.pdb,A,HL,2NYY_RA1266A,0
-0.23,/home/hs494/graphinity_run/ddg645/pdbs_wt/2NYY.pdb,/home/hs494/graphinity_run/ddg645/pdbs_mut/2NYY_SA874A_fwd.pdb,A,HL,2NYY_SA874A,0
0.0,/home/hs494/graphinity_run/ddg645/pdbs_wt/2NYY.pdb,/home/hs494/graphinity_run/ddg645/pdbs_mut/2NYY_SA927A_fwd.pdb,A,HL,2NYY_SA927A,0
1.62,/home/hs494/graphinity_run/ddg645/pdbs_wt/2NYY.pdb,/home/hs494/graphinity_run/ddg645/pdbs_mut/2NYY_TA1035A_fwd.pdb,A,HL,2NYY_TA1035A,0
0.07,/home/hs494/graphinity_run/ddg645/pdbs_wt/2NYY.pdb,/home/hs494/graphinity_run/ddg645/pdbs_mut/2NYY_KH29R_fwd.pdb,A,HL,2NYY_KH29R,0
-0.06,/home/hs494/graphinity_run/ddg645/pdbs_wt/2NYY.pdb,/home/hs494/graphinity_run/ddg645/pdbs_mut/2NYY_MH33Q_fwd.pdb,A,HL,2NYY_MH33Q,0
0.07,/home/hs494/graphinity_run/ddg645/pdbs_wt/2NYY.pdb,/home/hs494/graphinity_run/ddg645/pdbs_mut/2NYY_YH30D_fwd.pdb,A,HL,2NYY_YH30D,0
0.13,/home/hs494/graphinity_run/ddg645/pdbs_wt/2NYY.pdb,/home/hs494/graphinity_run/ddg645/pdbs_mut/2NYY_YH30Q_fwd.pdb,A,HL,2NYY_YH30Q,0
0.52,/home/hs494/graphinity_run/ddg645/pdbs_wt/2NYY.pdb,/home/hs494/graphinity_run/ddg645/pdbs_mut/2NYY_YH56Q_fwd.pdb,A,HL,2NYY_YH56Q,0
0.65,/home/hs494/graphinity_run/ddg645/pdbs_wt/2NYY.pdb,/home/hs494/graphinity_run/ddg645/pdbs_mut/2NYY_DL30Y_fwd.pdb,A,HL,2NYY_DL30Y,0
0.1,/home/hs494/graphinity_run/ddg645/pdbs_wt/2NYY.pdb,/home/hs494/graphinity_run/ddg645/pdbs_mut/2NYY_HL34R_fwd.pdb,A,HL,2NYY_HL34R,0
0.42,/home/hs494/graphinity_run/ddg645/pdbs_wt/2NYY.pdb,/home/hs494/graphinity_run/ddg645/pdbs_mut/2NYY_SL28Q_fwd.pdb,A,HL,2NYY_SL28Q,0
-0.36,/home/hs494/graphinity_run/ddg645/pdbs_wt/2NYY.pdb,/home/hs494/graphinity_run/ddg645/pdbs_mut/2NYY_SL31N_fwd.pdb,A,HL,2NYY_SL31N,0
-0.03,/home/hs494/graphinity_run/ddg645/pdbs_wt/2NZ9.pdb,/home/hs494/graphinity_run/ddg645/pdbs_mut/2NZ9_DA1030A_fwd.pdb,A,HL,2NZ9_DA1030A,0
2.34,/home/hs494/graphinity_run/ddg645/pdbs_wt/2NZ9.pdb,/home/hs494/graphinity_run/ddg645/pdbs_mut/2NZ9_DA1034A_fwd.pdb,A,HL,2NZ9_DA1034A,0
2.77,/home/hs494/graphinity_run/ddg645/pdbs_wt/2NZ9.pdb,/home/hs494/graphinity_run/ddg645/pdbs_mut/2NZ9_EA892A_fwd.pdb,A,HL,2NZ9_EA892A,0
-0.05,/home/hs494/graphinity_run/ddg645/pdbs_wt/2NZ9.pdb,/home/hs494/graphinity_run/ddg645/pdbs_mut/2NZ9_FA889A_fwd.pdb,A,HL,2NZ9_FA889A,0
3.34,/home/hs494/graphinity_run/ddg645/pdbs_wt/2NZ9.pdb,/home/hs494/graphinity_run/ddg645/pdbs_mut/2NZ9_FA925A_fwd.pdb,A,HL,2NZ9_FA925A,0
7.42,/home/hs494/graphinity_run/ddg645/pdbs_wt/2NZ9.pdb,/home/hs494/graphinity_run/ddg645/pdbs_mut/2NZ9_HA1036A_fwd.pdb,A,HL,2NZ9_HA1036A,0
0.07,/home/hs494/graphinity_run/ddg645/pdbs_wt/2NZ9.pdb,/home/hs494/graphinity_run/ddg645/pdbs_mut/2NZ9_IA928A_fwd.pdb,A,HL,2NZ9_IA928A,0
-0.01,/home/hs494/graphinity_run/ddg645/pdbs_wt/2NZ9.pdb,/home/hs494/graphinity_run/ddg645/pdbs_mut/2NZ9_KA1028A_fwd.pdb,A,HL,2NZ9_KA1028A,0
0.54,/home/hs494/graphinity_run/ddg645/pdbs_wt/2NZ9.pdb,/home/hs494/graphinity_run/ddg645/pdbs_mut/2NZ9_KA875A_fwd.pdb,A,HL,2NZ9_KA875A,0
-0.3,/home/hs494/graphinity_run/ddg645/pdbs_wt/2NZ9.pdb,/home/hs494/graphinity_run/ddg645/pdbs_mut/2NZ9_KA895A_fwd.pdb,A,HL,2NZ9_KA895A,0
2.28,/home/hs494/graphinity_run/ddg645/pdbs_wt/2NZ9.pdb,/home/hs494/graphinity_run/ddg645/pdbs_mut/2NZ9_LA891A_fwd.pdb,A,HL,2NZ9_LA891A,0
2.16,/home/hs494/graphinity_run/ddg645/pdbs_wt/2NZ9.pdb,/home/hs494/graphinity_run/ddg645/pdbs_mut/2NZ9_NA890A_fwd.pdb,A,HL,2NZ9_NA890A,0
-0.15,/home/hs494/graphinity_run/ddg645/pdbs_wt/2NZ9.pdb,/home/hs494/graphinity_run/ddg645/pdbs_mut/2NZ9_NA926A_fwd.pdb,A,HL,2NZ9_NA926A,0
0.1,/home/hs494/graphinity_run/ddg645/pdbs_wt/2NZ9.pdb,/home/hs494/graphinity_run/ddg645/pdbs_mut/2NZ9_QA887A_fwd.pdb,A,HL,2NZ9_QA887A,0
0.29,/home/hs494/graphinity_run/ddg645/pdbs_wt/2NZ9.pdb,/home/hs494/graphinity_run/ddg645/pdbs_mut/2NZ9_RA1033A_fwd.pdb,A,HL,2NZ9_RA1033A,0
0.39,/home/hs494/graphinity_run/ddg645/pdbs_wt/2NZ9.pdb,/home/hs494/graphinity_run/ddg645/pdbs_mut/2NZ9_RA1266A_fwd.pdb,A,HL,2NZ9_RA1266A,0
-0.12,/home/hs494/graphinity_run/ddg645/pdbs_wt/2NZ9.pdb,/home/hs494/graphinity_run/ddg645/pdbs_mut/2NZ9_SA874A_fwd.pdb,A,HL,2NZ9_SA874A,0
-0.08,/home/hs494/graphinity_run/ddg645/pdbs_wt/2NZ9.pdb,/home/hs494/graphinity_run/ddg645/pdbs_mut/2NZ9_SA927A_fwd.pdb,A,HL,2NZ9_SA927A,0
2.37,/home/hs494/graphinity_run/ddg645/pdbs_wt/2NZ9.pdb,/home/hs494/graphinity_run/ddg645/pdbs_mut/2NZ9_TA1035A_fwd.pdb,A,HL,2NZ9_TA1035A,0
0.2,/home/hs494/graphinity_run/ddg645/pdbs_wt/3BDY.pdb,/home/hs494/graphinity_run/ddg645/pdbs_mut/3BDY_DH32A_fwd.pdb,HL,V,3BDY_DH32A,6
0.0,/home/hs494/graphinity_run/ddg645/pdbs_wt/3BDY.pdb,/home/hs494/graphinity_run/ddg645/pdbs_mut/3BDY_DH103A_fwd.pdb,HL,V,3BDY_DH103A,6
0.7,/home/hs494/graphinity_run/ddg645/pdbs_wt/3BDY.pdb,/home/hs494/graphinity_run/ddg645/pdbs_mut/3BDY_FH105A_fwd.pdb,HL,V,3BDY_FH105A,6
0.2,/home/hs494/graphinity_run/ddg645/pdbs_wt/3BDY.pdb,/home/hs494/graphinity_run/ddg645/pdbs_mut/3BDY_GH101A_fwd.pdb,HL,V,3BDY_GH101A,6
-0.1,/home/hs494/graphinity_run/ddg645/pdbs_wt/3BDY.pdb,/home/hs494/graphinity_run/ddg645/pdbs_mut/3BDY_GH102A_fwd.pdb,HL,V,3BDY_GH102A,6
0.8,/home/hs494/graphinity_run/ddg645/pdbs_wt/3BDY.pdb,/home/hs494/graphinity_run/ddg645/pdbs_mut/3BDY_GH104A_fwd.pdb,HL,V,3BDY_GH104A,6
0.2,/home/hs494/graphinity_run/ddg645/pdbs_wt/3BDY.pdb,/home/hs494/graphinity_run/ddg645/pdbs_mut/3BDY_KH31A_fwd.pdb,HL,V,3BDY_KH31A,6
-0.2,/home/hs494/graphinity_run/ddg645/pdbs_wt/3BDY.pdb,/home/hs494/graphinity_run/ddg645/pdbs_mut/3BDY_NH56A_fwd.pdb,HL,V,3BDY_NH56A,6
-0.3,/home/hs494/graphinity_run/ddg645/pdbs_wt/3BDY.pdb,/home/hs494/graphinity_run/ddg645/pdbs_mut/3BDY_RH51A_fwd.pdb,HL,V,3BDY_RH51A,6
-0.2,/home/hs494/graphinity_run/ddg645/pdbs_wt/3BDY.pdb,/home/hs494/graphinity_run/ddg645/pdbs_mut/3BDY_RH60A_fwd.pdb,HL,V,3BDY_RH60A,6
-0.4,/home/hs494/graphinity_run/ddg645/pdbs_wt/3BDY.pdb,/home/hs494/graphinity_run/ddg645/pdbs_mut/3BDY_TH33A_fwd.pdb,HL,V,3BDY_TH33A,6
-0.5,/home/hs494/graphinity_run/ddg645/pdbs_wt/3BDY.pdb,/home/hs494/graphinity_run/ddg645/pdbs_mut/3BDY_TH55A_fwd.pdb,HL,V,3BDY_TH55A,6
2.0,/home/hs494/graphinity_run/ddg645/pdbs_wt/3BDY.pdb,/home/hs494/graphinity_run/ddg645/pdbs_mut/3BDY_WH100A_fwd.pdb,HL,V,3BDY_WH100A,6
0.5,/home/hs494/graphinity_run/ddg645/pdbs_wt/3BDY.pdb,/home/hs494/graphinity_run/ddg645/pdbs_mut/3BDY_YH106A_fwd.pdb,HL,V,3BDY_YH106A,6
0.3,/home/hs494/graphinity_run/ddg645/pdbs_wt/3BDY.pdb,/home/hs494/graphinity_run/ddg645/pdbs_mut/3BDY_YH34A_fwd.pdb,HL,V,3BDY_YH34A,6
0.4,/home/hs494/graphinity_run/ddg645/pdbs_wt/3BDY.pdb,/home/hs494/graphinity_run/ddg645/pdbs_mut/3BDY_YH53A_fwd.pdb,HL,V,3BDY_YH53A,6
0.2,/home/hs494/graphinity_run/ddg645/pdbs_wt/3BDY.pdb,/home/hs494/graphinity_run/ddg645/pdbs_mut/3BDY_YH58A_fwd.pdb,HL,V,3BDY_YH58A,6
0.0,/home/hs494/graphinity_run/ddg645/pdbs_wt/3BDY.pdb,/home/hs494/graphinity_run/ddg645/pdbs_mut/3BDY_DL28A_fwd.pdb,HL,V,3BDY_DL28A,6
1.2,/home/hs494/graphinity_run/ddg645/pdbs_wt/3BDY.pdb,/home/hs494/graphinity_run/ddg645/pdbs_mut/3BDY_GL35A_fwd.pdb,HL,V,3BDY_GL35A,6
1.0,/home/hs494/graphinity_run/ddg645/pdbs_wt/3BDY.pdb,/home/hs494/graphinity_run/ddg645/pdbs_mut/3BDY_GL55A_fwd.pdb,HL,V,3BDY_GL55A,6
2.0,/home/hs494/graphinity_run/ddg645/pdbs_wt/3BDY.pdb,/home/hs494/graphinity_run/ddg645/pdbs_mut/3BDY_HL95A_fwd.pdb,HL,V,3BDY_HL95A,6
1.1,/home/hs494/graphinity_run/ddg645/pdbs_wt/3BDY.pdb,/home/hs494/graphinity_run/ddg645/pdbs_mut/3BDY_IL29A_fwd.pdb,HL,V,3BDY_IL29A,6
0.8,/home/hs494/graphinity_run/ddg645/pdbs_wt/3BDY.pdb,/home/hs494/graphinity_run/ddg645/pdbs_mut/3BDY_IL33A_fwd.pdb,HL,V,3BDY_IL33A,6
0.2,/home/hs494/graphinity_run/ddg645/pdbs_wt/3BDY.pdb,/home/hs494/graphinity_run/ddg645/pdbs_mut/3BDY_PL30A_fwd.pdb,HL,V,3BDY_PL30A,6
-0.2,/home/hs494/graphinity_run/ddg645/pdbs_wt/3BDY.pdb,/home/hs494/graphinity_run/ddg645/pdbs_mut/3BDY_RL31A_fwd.pdb,HL,V,3BDY_RL31A,6
1.0,/home/hs494/graphinity_run/ddg645/pdbs_wt/3BDY.pdb,/home/hs494/graphinity_run/ddg645/pdbs_mut/3BDY_SL32A_fwd.pdb,HL,V,3BDY_SL32A,6
1.3,/home/hs494/graphinity_run/ddg645/pdbs_wt/3BDY.pdb,/home/hs494/graphinity_run/ddg645/pdbs_mut/3BDY_SL34A_fwd.pdb,HL,V,3BDY_SL34A,6
0.1,/home/hs494/graphinity_run/ddg645/pdbs_wt/3BDY.pdb,/home/hs494/graphinity_run/ddg645/pdbs_mut/3BDY_SL56A_fwd.pdb,HL,V,3BDY_SL56A,6
-0.3,/home/hs494/graphinity_run/ddg645/pdbs_wt/3BDY.pdb,/home/hs494/graphinity_run/ddg645/pdbs_mut/3BDY_TL97A_fwd.pdb,HL,V,3BDY_TL97A,6
0.0,/home/hs494/graphinity_run/ddg645/pdbs_wt/3BDY.pdb,/home/hs494/graphinity_run/ddg645/pdbs_mut/3BDY_TL98A_fwd.pdb,HL,V,3BDY_TL98A,6
1.3,/home/hs494/graphinity_run/ddg645/pdbs_wt/3BDY.pdb,/home/hs494/graphinity_run/ddg645/pdbs_mut/3BDY_WL54A_fwd.pdb,HL,V,3BDY_WL54A,6
1.7,/home/hs494/graphinity_run/ddg645/pdbs_wt/3BDY.pdb,/home/hs494/graphinity_run/ddg645/pdbs_mut/3BDY_YL36A_fwd.pdb,HL,V,3BDY_YL36A,6
0.7,/home/hs494/graphinity_run/ddg645/pdbs_wt/3BDY.pdb,/home/hs494/graphinity_run/ddg645/pdbs_mut/3BDY_YL57A_fwd.pdb,HL,V,3BDY_YL57A,6
1.4,/home/hs494/graphinity_run/ddg645/pdbs_wt/3BDY.pdb,/home/hs494/graphinity_run/ddg645/pdbs_mut/3BDY_YL96A_fwd.pdb,HL,V,3BDY_YL96A,6
0.4,/home/hs494/graphinity_run/ddg645/pdbs_wt/3BE1.pdb,/home/hs494/graphinity_run/ddg645/pdbs_mut/3BE1_DH31A_fwd.pdb,A,HL,3BE1_DH31A,6
-0.1,/home/hs494/graphinity_run/ddg645/pdbs_wt/3BE1.pdb,/home/hs494/graphinity_run/ddg645/pdbs_mut/3BE1_DH102A_fwd.pdb,A,HL,3BE1_DH102A,6
1.9,/home/hs494/graphinity_run/ddg645/pdbs_wt/3BE1.pdb,/home/hs494/graphinity_run/ddg645/pdbs_mut/3BE1_FH104A_fwd.pdb,A,HL,3BE1_FH104A,6
0.1,/home/hs494/graphinity_run/ddg645/pdbs_wt/3BE1.pdb,/home/hs494/graphinity_run/ddg645/pdbs_mut/3BE1_GH100A_fwd.pdb,A,HL,3BE1_GH100A,6
0.3,/home/hs494/graphinity_run/ddg645/pdbs_wt/3BE1.pdb,/home/hs494/graphinity_run/ddg645/pdbs_mut/3BE1_GH101A_fwd.pdb,A,HL,3BE1_GH101A,6
1.8,/home/hs494/graphinity_run/ddg645/pdbs_wt/3BE1.pdb,/home/hs494/graphinity_run/ddg645/pdbs_mut/3BE1_GH103A_fwd.pdb,A,HL,3BE1_GH103A,6
-0.3,/home/hs494/graphinity_run/ddg645/pdbs_wt/3BE1.pdb,/home/hs494/graphinity_run/ddg645/pdbs_mut/3BE1_KH30A_fwd.pdb,A,HL,3BE1_KH30A,6
-0.8,/home/hs494/graphinity_run/ddg645/pdbs_wt/3BE1.pdb,/home/hs494/graphinity_run/ddg645/pdbs_mut/3BE1_NH55A_fwd.pdb,A,HL,3BE1_NH55A,6
2.4,/home/hs494/graphinity_run/ddg645/pdbs_wt/3BE1.pdb,/home/hs494/graphinity_run/ddg645/pdbs_mut/3BE1_RH50A_fwd.pdb,A,HL,3BE1_RH50A,6
2.5,/home/hs494/graphinity_run/ddg645/pdbs_wt/3BE1.pdb,/home/hs494/graphinity_run/ddg645/pdbs_mut/3BE1_RH59A_fwd.pdb,A,HL,3BE1_RH59A,6
-0.4,/home/hs494/graphinity_run/ddg645/pdbs_wt/3BE1.pdb,/home/hs494/graphinity_run/ddg645/pdbs_mut/3BE1_TH32A_fwd.pdb,A,HL,3BE1_TH32A,6
0.1,/home/hs494/graphinity_run/ddg645/pdbs_wt/3BE1.pdb,/home/hs494/graphinity_run/ddg645/pdbs_mut/3BE1_TH54A_fwd.pdb,A,HL,3BE1_TH54A,6
1.8,/home/hs494/graphinity_run/ddg645/pdbs_wt/3BE1.pdb,/home/hs494/graphinity_run/ddg645/pdbs_mut/3BE1_WH99A_fwd.pdb,A,HL,3BE1_WH99A,6
1.2,/home/hs494/graphinity_run/ddg645/pdbs_wt/3BE1.pdb,/home/hs494/graphinity_run/ddg645/pdbs_mut/3BE1_YH105A_fwd.pdb,A,HL,3BE1_YH105A,6
2.4,/home/hs494/graphinity_run/ddg645/pdbs_wt/3BE1.pdb,/home/hs494/graphinity_run/ddg645/pdbs_mut/3BE1_YH33A_fwd.pdb,A,HL,3BE1_YH33A,6
-0.8,/home/hs494/graphinity_run/ddg645/pdbs_wt/3BE1.pdb,/home/hs494/graphinity_run/ddg645/pdbs_mut/3BE1_YH52A_fwd.pdb,A,HL,3BE1_YH52A,6
1.8,/home/hs494/graphinity_run/ddg645/pdbs_wt/3BE1.pdb,/home/hs494/graphinity_run/ddg645/pdbs_mut/3BE1_YH57A_fwd.pdb,A,HL,3BE1_YH57A,6
0.0,/home/hs494/graphinity_run/ddg645/pdbs_wt/3BE1.pdb,/home/hs494/graphinity_run/ddg645/pdbs_mut/3BE1_DL28A_fwd.pdb,A,HL,3BE1_DL28A,6
0.3,/home/hs494/graphinity_run/ddg645/pdbs_wt/3BE1.pdb,/home/hs494/graphinity_run/ddg645/pdbs_mut/3BE1_GL35A_fwd.pdb,A,HL,3BE1_GL35A,6
-0.3,/home/hs494/graphinity_run/ddg645/pdbs_wt/3BE1.pdb,/home/hs494/graphinity_run/ddg645/pdbs_mut/3BE1_GL55A_fwd.pdb,A,HL,3BE1_GL55A,6
0.9,/home/hs494/graphinity_run/ddg645/pdbs_wt/3BE1.pdb,/home/hs494/graphinity_run/ddg645/pdbs_mut/3BE1_HL95A_fwd.pdb,A,HL,3BE1_HL95A,6
-0.2,/home/hs494/graphinity_run/ddg645/pdbs_wt/3BE1.pdb,/home/hs494/graphinity_run/ddg645/pdbs_mut/3BE1_IL29A_fwd.pdb,A,HL,3BE1_IL29A,6
0.9,/home/hs494/graphinity_run/ddg645/pdbs_wt/3BE1.pdb,/home/hs494/graphinity_run/ddg645/pdbs_mut/3BE1_IL33A_fwd.pdb,A,HL,3BE1_IL33A,6
0.1,/home/hs494/graphinity_run/ddg645/pdbs_wt/3BE1.pdb,/home/hs494/graphinity_run/ddg645/pdbs_mut/3BE1_PL30A_fwd.pdb,A,HL,3BE1_PL30A,6
-0.2,/home/hs494/graphinity_run/ddg645/pdbs_wt/3BE1.pdb,/home/hs494/graphinity_run/ddg645/pdbs_mut/3BE1_RL31A_fwd.pdb,A,HL,3BE1_RL31A,6
0.3,/home/hs494/graphinity_run/ddg645/pdbs_wt/3BE1.pdb,/home/hs494/graphinity_run/ddg645/pdbs_mut/3BE1_SL32A_fwd.pdb,A,HL,3BE1_SL32A,6
-0.2,/home/hs494/graphinity_run/ddg645/pdbs_wt/3BE1.pdb,/home/hs494/graphinity_run/ddg645/pdbs_mut/3BE1_SL34A_fwd.pdb,A,HL,3BE1_SL34A,6
0.3,/home/hs494/graphinity_run/ddg645/pdbs_wt/3BE1.pdb,/home/hs494/graphinity_run/ddg645/pdbs_mut/3BE1_SL56A_fwd.pdb,A,HL,3BE1_SL56A,6
-0.4,/home/hs494/graphinity_run/ddg645/pdbs_wt/3BE1.pdb,/home/hs494/graphinity_run/ddg645/pdbs_mut/3BE1_TL97A_fwd.pdb,A,HL,3BE1_TL97A,6
1.4,/home/hs494/graphinity_run/ddg645/pdbs_wt/3BE1.pdb,/home/hs494/graphinity_run/ddg645/pdbs_mut/3BE1_TL98A_fwd.pdb,A,HL,3BE1_TL98A,6
1.4,/home/hs494/graphinity_run/ddg645/pdbs_wt/3BE1.pdb,/home/hs494/graphinity_run/ddg645/pdbs_mut/3BE1_WL54A_fwd.pdb,A,HL,3BE1_WL54A,6
-0.8,/home/hs494/graphinity_run/ddg645/pdbs_wt/3BE1.pdb,/home/hs494/graphinity_run/ddg645/pdbs_mut/3BE1_YL36A_fwd.pdb,A,HL,3BE1_YL36A,6
0.9,/home/hs494/graphinity_run/ddg645/pdbs_wt/3BE1.pdb,/home/hs494/graphinity_run/ddg645/pdbs_mut/3BE1_YL57A_fwd.pdb,A,HL,3BE1_YL57A,6
0.5,/home/hs494/graphinity_run/ddg645/pdbs_wt/3BE1.pdb,/home/hs494/graphinity_run/ddg645/pdbs_mut/3BE1_YL96A_fwd.pdb,A,HL,3BE1_YL96A,6
0.57,/home/hs494/graphinity_run/ddg645/pdbs_wt/3BN9.pdb,/home/hs494/graphinity_run/ddg645/pdbs_mut/3BN9_DA214A_fwd.pdb,A,HL,3BN9_DA214A,7
0.42,/home/hs494/graphinity_run/ddg645/pdbs_wt/3BN9.pdb,/home/hs494/graphinity_run/ddg645/pdbs_mut/3BN9_DA46A_fwd.pdb,A,HL,3BN9_DA46A,7
0.31,/home/hs494/graphinity_run/ddg645/pdbs_wt/3BN9.pdb,/home/hs494/graphinity_run/ddg645/pdbs_mut/3BN9_DA47A_fwd.pdb,A,HL,3BN9_DA47A,7
6.7,/home/hs494/graphinity_run/ddg645/pdbs_wt/3BN9.pdb,/home/hs494/graphinity_run/ddg645/pdbs_mut/3BN9_DA91A_fwd.pdb,A,HL,3BN9_DA91A,7
0.37,/home/hs494/graphinity_run/ddg645/pdbs_wt/3BN9.pdb,/home/hs494/graphinity_run/ddg645/pdbs_mut/3BN9_EA163A_fwd.pdb,A,HL,3BN9_EA163A,7
-0.05,/home/hs494/graphinity_run/ddg645/pdbs_wt/3BN9.pdb,/home/hs494/graphinity_run/ddg645/pdbs_mut/3BN9_FA50A_fwd.pdb,A,HL,3BN9_FA50A,7
0.64,/home/hs494/graphinity_run/ddg645/pdbs_wt/3BN9.pdb,/home/hs494/graphinity_run/ddg645/pdbs_mut/3BN9_FA89A_fwd.pdb,A,HL,3BN9_FA89A,7
6.7,/home/hs494/graphinity_run/ddg645/pdbs_wt/3BN9.pdb,/home/hs494/graphinity_run/ddg645/pdbs_mut/3BN9_FA92A_fwd.pdb,A,HL,3BN9_FA92A,7
0.09,/home/hs494/graphinity_run/ddg645/pdbs_wt/3BN9.pdb,/home/hs494/graphinity_run/ddg645/pdbs_mut/3BN9_HA138A_fwd.pdb,A,HL,3BN9_HA138A,7
0.0,/home/hs494/graphinity_run/ddg645/pdbs_wt/3BN9.pdb,/home/hs494/graphinity_run/ddg645/pdbs_mut/3BN9_IA26A_fwd.pdb,A,HL,3BN9_IA26A,7
0.84,/home/hs494/graphinity_run/ddg645/pdbs_wt/3BN9.pdb,/home/hs494/graphinity_run/ddg645/pdbs_mut/3BN9_IA45A_fwd.pdb,A,HL,3BN9_IA45A,7
0.79,/home/hs494/graphinity_run/ddg645/pdbs_wt/3BN9.pdb,/home/hs494/graphinity_run/ddg645/pdbs_mut/3BN9_KA221A_fwd.pdb,A,HL,3BN9_KA221A,7
0.34,/home/hs494/graphinity_run/ddg645/pdbs_wt/3BN9.pdb,/home/hs494/graphinity_run/ddg645/pdbs_mut/3BN9_LA147A_fwd.pdb,A,HL,3BN9_LA147A,7
0.77,/home/hs494/graphinity_run/ddg645/pdbs_wt/3BN9.pdb,/home/hs494/graphinity_run/ddg645/pdbs_mut/3BN9_NA90A_fwd.pdb,A,HL,3BN9_NA90A,7
0.13,/home/hs494/graphinity_run/ddg645/pdbs_wt/3BN9.pdb,/home/hs494/graphinity_run/ddg645/pdbs_mut/3BN9_QA140A_fwd.pdb,A,HL,3BN9_QA140A,7
-0.03,/home/hs494/graphinity_run/ddg645/pdbs_wt/3BN9.pdb,/home/hs494/graphinity_run/ddg645/pdbs_mut/3BN9_QA168A_fwd.pdb,A,HL,3BN9_QA168A,7
2.51,/home/hs494/graphinity_run/ddg645/pdbs_wt/3BN9.pdb,/home/hs494/graphinity_run/ddg645/pdbs_mut/3BN9_QA169A_fwd.pdb,A,HL,3BN9_QA169A,7
0.71,/home/hs494/graphinity_run/ddg645/pdbs_wt/3BN9.pdb,/home/hs494/graphinity_run/ddg645/pdbs_mut/3BN9_QA218A_fwd.pdb,A,HL,3BN9_QA218A,7
-0.42,/home/hs494/graphinity_run/ddg645/pdbs_wt/3BN9.pdb,/home/hs494/graphinity_run/ddg645/pdbs_mut/3BN9_QA23A_fwd.pdb,A,HL,3BN9_QA23A,7
-0.09,/home/hs494/graphinity_run/ddg645/pdbs_wt/3BN9.pdb,/home/hs494/graphinity_run/ddg645/pdbs_mut/3BN9_RA219A_fwd.pdb,A,HL,3BN9_RA219A,7
-0.05,/home/hs494/graphinity_run/ddg645/pdbs_wt/3BN9.pdb,/home/hs494/graphinity_run/ddg645/pdbs_mut/3BN9_RA48A_fwd.pdb,A,HL,3BN9_RA48A,7
-0.07,/home/hs494/graphinity_run/ddg645/pdbs_wt/3BN9.pdb,/home/hs494/graphinity_run/ddg645/pdbs_mut/3BN9_RA51A_fwd.pdb,A,HL,3BN9_RA51A,7
-0.16,/home/hs494/graphinity_run/ddg645/pdbs_wt/3BN9.pdb,/home/hs494/graphinity_run/ddg645/pdbs_mut/3BN9_RA82A_fwd.pdb,A,HL,3BN9_RA82A,7
0.29,/home/hs494/graphinity_run/ddg645/pdbs_wt/3BN9.pdb,/home/hs494/graphinity_run/ddg645/pdbs_mut/3BN9_TA144A_fwd.pdb,A,HL,3BN9_TA144A,7
1.13,/home/hs494/graphinity_run/ddg645/pdbs_wt/3BN9.pdb,/home/hs494/graphinity_run/ddg645/pdbs_mut/3BN9_TA93A_fwd.pdb,A,HL,3BN9_TA93A,7
1.09,/home/hs494/graphinity_run/ddg645/pdbs_wt/3BN9.pdb,/home/hs494/graphinity_run/ddg645/pdbs_mut/3BN9_YA141A_fwd.pdb,A,HL,3BN9_YA141A,7
0.02,/home/hs494/graphinity_run/ddg645/pdbs_wt/3BN9.pdb,/home/hs494/graphinity_run/ddg645/pdbs_mut/3BN9_YA52A_fwd.pdb,A,HL,3BN9_YA52A,7
8.0,/home/hs494/graphinity_run/ddg645/pdbs_wt/3BN9.pdb,/home/hs494/graphinity_run/ddg645/pdbs_mut/3BN9_PH104H_fwd.pdb,A,HL,3BN9_PH104H,7
1.36,/home/hs494/graphinity_run/ddg645/pdbs_wt/3BN9.pdb,/home/hs494/graphinity_run/ddg645/pdbs_mut/3BN9_QH105V_fwd.pdb,A,HL,3BN9_QH105V,7
1.36,/home/hs494/graphinity_run/ddg645/pdbs_wt/3BN9.pdb,/home/hs494/graphinity_run/ddg645/pdbs_mut/3BN9_SH30G_fwd.pdb,A,HL,3BN9_SH30G,7
1.36,/home/hs494/graphinity_run/ddg645/pdbs_wt/3BN9.pdb,/home/hs494/graphinity_run/ddg645/pdbs_mut/3BN9_SH30N_fwd.pdb,A,HL,3BN9_SH30N,7
0.3,/home/hs494/graphinity_run/ddg645/pdbs_wt/3BN9.pdb,/home/hs494/graphinity_run/ddg645/pdbs_mut/3BN9_TH28R_fwd.pdb,A,HL,3BN9_TH28R,7
0.0,/home/hs494/graphinity_run/ddg645/pdbs_wt/3BN9.pdb,/home/hs494/graphinity_run/ddg645/pdbs_mut/3BN9_TH102Q_fwd.pdb,A,HL,3BN9_TH102Q,7
-0.06,/home/hs494/graphinity_run/ddg645/pdbs_wt/3BN9.pdb,/home/hs494/graphinity_run/ddg645/pdbs_mut/3BN9_TH102R_fwd.pdb,A,HL,3BN9_TH102R,7
0.41,/home/hs494/graphinity_run/ddg645/pdbs_wt/3BN9.pdb,/home/hs494/graphinity_run/ddg645/pdbs_mut/3BN9_YH103S_fwd.pdb,A,HL,3BN9_YH103S,7
5.52,/home/hs494/graphinity_run/ddg645/pdbs_wt/3HFM.pdb,/home/hs494/graphinity_run/ddg645/pdbs_mut/3HFM_CH95A_fwd.pdb,HL,Y,3HFM_CH95A,4
3.25,/home/hs494/graphinity_run/ddg645/pdbs_wt/3HFM.pdb,/home/hs494/graphinity_run/ddg645/pdbs_mut/3HFM_CH95F_fwd.pdb,HL,Y,3HFM_CH95F,4
1.9,/home/hs494/graphinity_run/ddg645/pdbs_wt/3HFM.pdb,/home/hs494/graphinity_run/ddg645/pdbs_mut/3HFM_DH32A_fwd.pdb,HL,Y,3HFM_DH32A,4
0.17,/home/hs494/graphinity_run/ddg645/pdbs_wt/3HFM.pdb,/home/hs494/graphinity_run/ddg645/pdbs_mut/3HFM_DH32N_fwd.pdb,HL,Y,3HFM_DH32N,4
0.17,/home/hs494/graphinity_run/ddg645/pdbs_wt/3HFM.pdb,/home/hs494/graphinity_run/ddg645/pdbs_mut/3HFM_SH31A_fwd.pdb,HL,Y,3HFM_SH31A,4
6.0,/home/hs494/graphinity_run/ddg645/pdbs_wt/3HFM.pdb,/home/hs494/graphinity_run/ddg645/pdbs_mut/3HFM_YH33A_fwd.pdb,HL,Y,3HFM_YH33A,4
8.0,/home/hs494/graphinity_run/ddg645/pdbs_wt/3HFM.pdb,/home/hs494/graphinity_run/ddg645/pdbs_mut/3HFM_YH50A_fwd.pdb,HL,Y,3HFM_YH50A,4
5.22,/home/hs494/graphinity_run/ddg645/pdbs_wt/3HFM.pdb,/home/hs494/graphinity_run/ddg645/pdbs_mut/3HFM_NL31A_fwd.pdb,HL,Y,3HFM_NL31A,4
1.34,/home/hs494/graphinity_run/ddg645/pdbs_wt/3HFM.pdb,/home/hs494/graphinity_run/ddg645/pdbs_mut/3HFM_NL31D_fwd.pdb,HL,Y,3HFM_NL31D,4
5.67,/home/hs494/graphinity_run/ddg645/pdbs_wt/3HFM.pdb,/home/hs494/graphinity_run/ddg645/pdbs_mut/3HFM_NL31E_fwd.pdb,HL,Y,3HFM_NL31E,4
5.11,/home/hs494/graphinity_run/ddg645/pdbs_wt/3HFM.pdb,/home/hs494/graphinity_run/ddg645/pdbs_mut/3HFM_NL32A_fwd.pdb,HL,Y,3HFM_NL32A,4
0.95,/home/hs494/graphinity_run/ddg645/pdbs_wt/3HFM.pdb,/home/hs494/graphinity_run/ddg645/pdbs_mut/3HFM_QL53A_fwd.pdb,HL,Y,3HFM_QL53A,4
4.57,/home/hs494/graphinity_run/ddg645/pdbs_wt/3HFM.pdb,/home/hs494/graphinity_run/ddg645/pdbs_mut/3HFM_YL50A_fwd.pdb,HL,Y,3HFM_YL50A,4
2.36,/home/hs494/graphinity_run/ddg645/pdbs_wt/3HFM.pdb,/home/hs494/graphinity_run/ddg645/pdbs_mut/3HFM_YL50F_fwd.pdb,HL,Y,3HFM_YL50F,4
4.4,/home/hs494/graphinity_run/ddg645/pdbs_wt/3HFM.pdb,/home/hs494/graphinity_run/ddg645/pdbs_mut/3HFM_YL50L_fwd.pdb,HL,Y,3HFM_YL50L,4
2.71,/home/hs494/graphinity_run/ddg645/pdbs_wt/3HFM.pdb,/home/hs494/graphinity_run/ddg645/pdbs_mut/3HFM_YL96A_fwd.pdb,HL,Y,3HFM_YL96A,4
1.4,/home/hs494/graphinity_run/ddg645/pdbs_wt/3HFM.pdb,/home/hs494/graphinity_run/ddg645/pdbs_mut/3HFM_YL96F_fwd.pdb,HL,Y,3HFM_YL96F,4
6.83,/home/hs494/graphinity_run/ddg645/pdbs_wt/3HFM.pdb,/home/hs494/graphinity_run/ddg645/pdbs_mut/3HFM_KY96A_fwd.pdb,HL,Y,3HFM_KY96A,4
6.18,/home/hs494/graphinity_run/ddg645/pdbs_wt/3HFM.pdb,/home/hs494/graphinity_run/ddg645/pdbs_mut/3HFM_KY97A_fwd.pdb,HL,Y,3HFM_KY97A,4
1.09,/home/hs494/graphinity_run/ddg645/pdbs_wt/3HFM.pdb,/home/hs494/graphinity_run/ddg645/pdbs_mut/3HFM_KY97M_fwd.pdb,HL,Y,3HFM_KY97M,4
1.03,/home/hs494/graphinity_run/ddg645/pdbs_wt/3HFM.pdb,/home/hs494/graphinity_run/ddg645/pdbs_mut/3HFM_RY21A_fwd.pdb,HL,Y,3HFM_RY21A,4
4.87,/home/hs494/graphinity_run/ddg645/pdbs_wt/3HFM.pdb,/home/hs494/graphinity_run/ddg645/pdbs_mut/3HFM_YY20A_fwd.pdb,HL,Y,3HFM_YY20A,4
2.5,/home/hs494/graphinity_run/ddg645/pdbs_wt/3K2M.pdb,/home/hs494/graphinity_run/ddg645/pdbs_mut/3K2M_ED52A_fwd.pdb,A,D,3K2M_ED52A,3
4.0,/home/hs494/graphinity_run/ddg645/pdbs_wt/3K2M.pdb,/home/hs494/graphinity_run/ddg645/pdbs_mut/3K2M_MD88A_fwd.pdb,A,D,3K2M_MD88A,3
2.5,/home/hs494/graphinity_run/ddg645/pdbs_wt/3K2M.pdb,/home/hs494/graphinity_run/ddg645/pdbs_mut/3K2M_RD38A_fwd.pdb,A,D,3K2M_RD38A,3
4.0,/home/hs494/graphinity_run/ddg645/pdbs_wt/3K2M.pdb,/home/hs494/graphinity_run/ddg645/pdbs_mut/3K2M_WD80A_fwd.pdb,A,D,3K2M_WD80A,3
1.0,/home/hs494/graphinity_run/ddg645/pdbs_wt/3K2M.pdb,/home/hs494/graphinity_run/ddg645/pdbs_mut/3K2M_YD35A_fwd.pdb,A,D,3K2M_YD35A,3
3.7,/home/hs494/graphinity_run/ddg645/pdbs_wt/3K2M.pdb,/home/hs494/graphinity_run/ddg645/pdbs_mut/3K2M_YD36A_fwd.pdb,A,D,3K2M_YD36A,3
4.0,/home/hs494/graphinity_run/ddg645/pdbs_wt/3K2M.pdb,/home/hs494/graphinity_run/ddg645/pdbs_mut/3K2M_YD87A_fwd.pdb,A,D,3K2M_YD87A,3
-0.06,/home/hs494/graphinity_run/ddg645/pdbs_wt/3NGB.pdb,/home/hs494/graphinity_run/ddg645/pdbs_mut/3NGB_AH57G_fwd.pdb,G,HL,3NGB_AH57G,8
0.73,/home/hs494/graphinity_run/ddg645/pdbs_wt/3NGB.pdb,/home/hs494/graphinity_run/ddg645/pdbs_mut/3NGB_GH55S_fwd.pdb,G,HL,3NGB_GH55S,8
0.08,/home/hs494/graphinity_run/ddg645/pdbs_wt/3NGB.pdb,/home/hs494/graphinity_run/ddg645/pdbs_mut/3NGB_IH30T_fwd.pdb,G,HL,3NGB_IH30T,8
0.18,/home/hs494/graphinity_run/ddg645/pdbs_wt/3NGB.pdb,/home/hs494/graphinity_run/ddg645/pdbs_mut/3NGB_KH52N_fwd.pdb,G,HL,3NGB_KH52N,8
0.23,/home/hs494/graphinity_run/ddg645/pdbs_wt/3NGB.pdb,/home/hs494/graphinity_run/ddg645/pdbs_mut/3NGB_PH63K_fwd.pdb,G,HL,3NGB_PH63K,8
0.05,/home/hs494/graphinity_run/ddg645/pdbs_wt/3NGB.pdb,/home/hs494/graphinity_run/ddg645/pdbs_mut/3NGB_RH54N_fwd.pdb,G,HL,3NGB_RH54N,8
0.1,/home/hs494/graphinity_run/ddg645/pdbs_wt/3NGB.pdb,/home/hs494/graphinity_run/ddg645/pdbs_mut/3NGB_RH62Q_fwd.pdb,G,HL,3NGB_RH62Q,8
0.08,/home/hs494/graphinity_run/ddg645/pdbs_wt/3NGB.pdb,/home/hs494/graphinity_run/ddg645/pdbs_mut/3NGB_TH33Y_fwd.pdb,G,HL,3NGB_TH33Y,8
0.14,/home/hs494/graphinity_run/ddg645/pdbs_wt/3NGB.pdb,/home/hs494/graphinity_run/ddg645/pdbs_mut/3NGB_VH58T_fwd.pdb,G,HL,3NGB_VH58T,8
0.16,/home/hs494/graphinity_run/ddg645/pdbs_wt/3NGB.pdb,/home/hs494/graphinity_run/ddg645/pdbs_mut/3NGB_VH74T_fwd.pdb,G,HL,3NGB_VH74T,8
0.33,/home/hs494/graphinity_run/ddg645/pdbs_wt/3NGB.pdb,/home/hs494/graphinity_run/ddg645/pdbs_mut/3NGB_YH75S_fwd.pdb,G,HL,3NGB_YH75S,8
1.48,/home/hs494/graphinity_run/ddg645/pdbs_wt/3NPS.pdb,/home/hs494/graphinity_run/ddg645/pdbs_mut/3NPS_DA214A_fwd.pdb,A,BC,3NPS_DA214A,9
0.34,/home/hs494/graphinity_run/ddg645/pdbs_wt/3NPS.pdb,/home/hs494/graphinity_run/ddg645/pdbs_mut/3NPS_DA46A_fwd.pdb,A,BC,3NPS_DA46A,9
1.08,/home/hs494/graphinity_run/ddg645/pdbs_wt/3NPS.pdb,/home/hs494/graphinity_run/ddg645/pdbs_mut/3NPS_DA47A_fwd.pdb,A,BC,3NPS_DA47A,9
1.52,/home/hs494/graphinity_run/ddg645/pdbs_wt/3NPS.pdb,/home/hs494/graphinity_run/ddg645/pdbs_mut/3NPS_DA91A_fwd.pdb,A,BC,3NPS_DA91A,9
0.62,/home/hs494/graphinity_run/ddg645/pdbs_wt/3NPS.pdb,/home/hs494/graphinity_run/ddg645/pdbs_mut/3NPS_EA163A_fwd.pdb,A,BC,3NPS_EA163A,9
0.22,/home/hs494/graphinity_run/ddg645/pdbs_wt/3NPS.pdb,/home/hs494/graphinity_run/ddg645/pdbs_mut/3NPS_FA50A_fwd.pdb,A,BC,3NPS_FA50A,9
1.61,/home/hs494/graphinity_run/ddg645/pdbs_wt/3NPS.pdb,/home/hs494/graphinity_run/ddg645/pdbs_mut/3NPS_FA89A_fwd.pdb,A,BC,3NPS_FA89A,9
0.47,/home/hs494/graphinity_run/ddg645/pdbs_wt/3NPS.pdb,/home/hs494/graphinity_run/ddg645/pdbs_mut/3NPS_FA92A_fwd.pdb,A,BC,3NPS_FA92A,9
1.89,/home/hs494/graphinity_run/ddg645/pdbs_wt/3NPS.pdb,/home/hs494/graphinity_run/ddg645/pdbs_mut/3NPS_HA138A_fwd.pdb,A,BC,3NPS_HA138A,9
0.65,/home/hs494/graphinity_run/ddg645/pdbs_wt/3NPS.pdb,/home/hs494/graphinity_run/ddg645/pdbs_mut/3NPS_IA26A_fwd.pdb,A,BC,3NPS_IA26A,9
-0.34,/home/hs494/graphinity_run/ddg645/pdbs_wt/3NPS.pdb,/home/hs494/graphinity_run/ddg645/pdbs_mut/3NPS_IA45A_fwd.pdb,A,BC,3NPS_IA45A,9
-0.1,/home/hs494/graphinity_run/ddg645/pdbs_wt/3NPS.pdb,/home/hs494/graphinity_run/ddg645/pdbs_mut/3NPS_KA221A_fwd.pdb,A,BC,3NPS_KA221A,9
0.3,/home/hs494/graphinity_run/ddg645/pdbs_wt/3NPS.pdb,/home/hs494/graphinity_run/ddg645/pdbs_mut/3NPS_LA147A_fwd.pdb,A,BC,3NPS_LA147A,9
0.26,/home/hs494/graphinity_run/ddg645/pdbs_wt/3NPS.pdb,/home/hs494/graphinity_run/ddg645/pdbs_mut/3NPS_NA90A_fwd.pdb,A,BC,3NPS_NA90A,9
0.3,/home/hs494/graphinity_run/ddg645/pdbs_wt/3NPS.pdb,/home/hs494/graphinity_run/ddg645/pdbs_mut/3NPS_QA140A_fwd.pdb,A,BC,3NPS_QA140A,9
-0.06,/home/hs494/graphinity_run/ddg645/pdbs_wt/3NPS.pdb,/home/hs494/graphinity_run/ddg645/pdbs_mut/3NPS_QA168A_fwd.pdb,A,BC,3NPS_QA168A,9
0.75,/home/hs494/graphinity_run/ddg645/pdbs_wt/3NPS.pdb,/home/hs494/graphinity_run/ddg645/pdbs_mut/3NPS_QA169A_fwd.pdb,A,BC,3NPS_QA169A,9
-0.04,/home/hs494/graphinity_run/ddg645/pdbs_wt/3NPS.pdb,/home/hs494/graphinity_run/ddg645/pdbs_mut/3NPS_QA218A_fwd.pdb,A,BC,3NPS_QA218A,9
0.03,/home/hs494/graphinity_run/ddg645/pdbs_wt/3NPS.pdb,/home/hs494/graphinity_run/ddg645/pdbs_mut/3NPS_QA23A_fwd.pdb,A,BC,3NPS_QA23A,9
-0.08,/home/hs494/graphinity_run/ddg645/pdbs_wt/3NPS.pdb,/home/hs494/graphinity_run/ddg645/pdbs_mut/3NPS_RA219A_fwd.pdb,A,BC,3NPS_RA219A,9
-1.07,/home/hs494/graphinity_run/ddg645/pdbs_wt/3NPS.pdb,/home/hs494/graphinity_run/ddg645/pdbs_mut/3NPS_RA48A_fwd.pdb,A,BC,3NPS_RA48A,9
0.14,/home/hs494/graphinity_run/ddg645/pdbs_wt/3NPS.pdb,/home/hs494/graphinity_run/ddg645/pdbs_mut/3NPS_RA51A_fwd.pdb,A,BC,3NPS_RA51A,9
-0.15,/home/hs494/graphinity_run/ddg645/pdbs_wt/3NPS.pdb,/home/hs494/graphinity_run/ddg645/pdbs_mut/3NPS_RA82A_fwd.pdb,A,BC,3NPS_RA82A,9
0.18,/home/hs494/graphinity_run/ddg645/pdbs_wt/3NPS.pdb,/home/hs494/graphinity_run/ddg645/pdbs_mut/3NPS_TA144A_fwd.pdb,A,BC,3NPS_TA144A,9
0.73,/home/hs494/graphinity_run/ddg645/pdbs_wt/3NPS.pdb,/home/hs494/graphinity_run/ddg645/pdbs_mut/3NPS_TA93A_fwd.pdb,A,BC,3NPS_TA93A,9
1.79,/home/hs494/graphinity_run/ddg645/pdbs_wt/3NPS.pdb,/home/hs494/graphinity_run/ddg645/pdbs_mut/3NPS_YA141A_fwd.pdb,A,BC,3NPS_YA141A,9
0.46,/home/hs494/graphinity_run/ddg645/pdbs_wt/3NPS.pdb,/home/hs494/graphinity_run/ddg645/pdbs_mut/3NPS_YA52A_fwd.pdb,A,BC,3NPS_YA52A,9
0.8,/home/hs494/graphinity_run/ddg645/pdbs_wt/HM_1KTZ.pdb,/home/hs494/graphinity_run/ddg645/pdbs_mut/HM_1KTZ_DB94A_fwd.pdb,A,B,HM_1KTZ_DB94A,2
1.5,/home/hs494/graphinity_run/ddg645/pdbs_wt/HM_1KTZ.pdb,/home/hs494/graphinity_run/ddg645/pdbs_mut/HM_1KTZ_DB8A_fwd.pdb,A,B,HM_1KTZ_DB8A,2
2.0,/home/hs494/graphinity_run/ddg645/pdbs_wt/HM_1KTZ.pdb,/home/hs494/graphinity_run/ddg645/pdbs_mut/HM_1KTZ_DB8N_fwd.pdb,A,B,HM_1KTZ_DB8N,2
1.5,/home/hs494/graphinity_run/ddg645/pdbs_wt/HM_1KTZ.pdb,/home/hs494/graphinity_run/ddg645/pdbs_mut/HM_1KTZ_EB95A_fwd.pdb,A,B,HM_1KTZ_EB95A,2
1.6,/home/hs494/graphinity_run/ddg645/pdbs_wt/HM_1KTZ.pdb,/home/hs494/graphinity_run/ddg645/pdbs_mut/HM_1KTZ_EB95Q_fwd.pdb,A,B,HM_1KTZ_EB95Q,2
1.2,/home/hs494/graphinity_run/ddg645/pdbs_wt/HM_1KTZ.pdb,/home/hs494/graphinity_run/ddg645/pdbs_mut/HM_1KTZ_EB31A_fwd.pdb,A,B,HM_1KTZ_EB31A,2
1.1,/home/hs494/graphinity_run/ddg645/pdbs_wt/HM_1KTZ.pdb,/home/hs494/graphinity_run/ddg645/pdbs_mut/HM_1KTZ_EB51A_fwd.pdb,A,B,HM_1KTZ_EB51A,2
0.9,/home/hs494/graphinity_run/ddg645/pdbs_wt/HM_1KTZ.pdb,/home/hs494/graphinity_run/ddg645/pdbs_mut/HM_1KTZ_FB86A_fwd.pdb,A,B,HM_1KTZ_FB86A,2
3.0,/home/hs494/graphinity_run/ddg645/pdbs_wt/HM_1KTZ.pdb,/home/hs494/graphinity_run/ddg645/pdbs_mut/HM_1KTZ_FB6A_fwd.pdb,A,B,HM_1KTZ_FB6A,2
0.3,/home/hs494/graphinity_run/ddg645/pdbs_wt/HM_1KTZ.pdb,/home/hs494/graphinity_run/ddg645/pdbs_mut/HM_1KTZ_HB55A_fwd.pdb,A,B,HM_1KTZ_HB55A,2
0.5,/home/hs494/graphinity_run/ddg645/pdbs_wt/HM_1KTZ.pdb,/home/hs494/graphinity_run/ddg645/pdbs_mut/HM_1KTZ_IB101A_fwd.pdb,A,B,HM_1KTZ_IB101A,2
1.9,/home/hs494/graphinity_run/ddg645/pdbs_wt/HM_1KTZ.pdb,/home/hs494/graphinity_run/ddg645/pdbs_mut/HM_1KTZ_IB26A_fwd.pdb,A,B,HM_1KTZ_IB26A,2
1.4,/home/hs494/graphinity_run/ddg645/pdbs_wt/HM_1KTZ.pdb,/home/hs494/graphinity_run/ddg645/pdbs_mut/HM_1KTZ_IB29A_fwd.pdb,A,B,HM_1KTZ_IB29A,2
1.8,/home/hs494/graphinity_run/ddg645/pdbs_wt/HM_1KTZ.pdb,/home/hs494/graphinity_run/ddg645/pdbs_mut/HM_1KTZ_LB3A_fwd.pdb,A,B,HM_1KTZ_LB3A,2
0.9,/home/hs494/graphinity_run/ddg645/pdbs_wt/HM_1KTZ.pdb,/home/hs494/graphinity_run/ddg645/pdbs_mut/HM_1KTZ_MB88A_fwd.pdb,A,B,HM_1KTZ_MB88A,2
0.3,/home/hs494/graphinity_run/ddg645/pdbs_wt/HM_1KTZ.pdb,/home/hs494/graphinity_run/ddg645/pdbs_mut/HM_1KTZ_NB23A_fwd.pdb,A,B,HM_1KTZ_NB23A,2
0.3,/home/hs494/graphinity_run/ddg645/pdbs_wt/HM_1KTZ.pdb,/home/hs494/graphinity_run/ddg645/pdbs_mut/HM_1KTZ_SB25A_fwd.pdb,A,B,HM_1KTZ_SB25A,2
0.2,/home/hs494/graphinity_run/ddg645/pdbs_wt/HM_1KTZ.pdb,/home/hs494/graphinity_run/ddg645/pdbs_mut/HM_1KTZ_SB28A_fwd.pdb,A,B,HM_1KTZ_SB28A,2
4.0,/home/hs494/graphinity_run/ddg645/pdbs_wt/HM_1KTZ.pdb,/home/hs494/graphinity_run/ddg645/pdbs_mut/HM_1KTZ_SB28L_fwd.pdb,A,B,HM_1KTZ_SB28L,2
1.5,/home/hs494/graphinity_run/ddg645/pdbs_wt/HM_1KTZ.pdb,/home/hs494/graphinity_run/ddg645/pdbs_mut/HM_1KTZ_TB27A_fwd.pdb,A,B,HM_1KTZ_TB27A,2
0.7,/home/hs494/graphinity_run/ddg645/pdbs_wt/HM_1KTZ.pdb,/home/hs494/graphinity_run/ddg645/pdbs_mut/HM_1KTZ_VB38A_fwd.pdb,A,B,HM_1KTZ_VB38A,2
0.4,/home/hs494/graphinity_run/ddg645/pdbs_wt/HM_1KTZ.pdb,/home/hs494/graphinity_run/ddg645/pdbs_mut/HM_1KTZ_VB53A_fwd.pdb,A,B,HM_1KTZ_VB53A,2
-0.23,/home/hs494/graphinity_run/ddg645/pdbs_wt/HM_1YY9.pdb,/home/hs494/graphinity_run/ddg645/pdbs_mut/HM_1YY9_AH98W_fwd.pdb,A,HL,HM_1YY9_AH98W,5
-0.89,/home/hs494/graphinity_run/ddg645/pdbs_wt/HM_1YY9.pdb,/home/hs494/graphinity_run/ddg645/pdbs_mut/HM_1YY9_GH33D_fwd.pdb,A,HL,HM_1YY9_GH33D,5
-0.51,/home/hs494/graphinity_run/ddg645/pdbs_wt/HM_1YY9.pdb,/home/hs494/graphinity_run/ddg645/pdbs_mut/HM_1YY9_IH51G_fwd.pdb,A,HL,HM_1YY9_IH51G,5
-0.99,/home/hs494/graphinity_run/ddg645/pdbs_wt/HM_1YY9.pdb,/home/hs494/graphinity_run/ddg645/pdbs_mut/HM_1YY9_RH97D_fwd.pdb,A,HL,HM_1YY9_RH97D,5
-0.45,/home/hs494/graphinity_run/ddg645/pdbs_wt/HM_1YY9.pdb,/home/hs494/graphinity_run/ddg645/pdbs_mut/HM_1YY9_TH100Y_fwd.pdb,A,HL,HM_1YY9_TH100Y,5
-0.46,/home/hs494/graphinity_run/ddg645/pdbs_wt/HM_1YY9.pdb,/home/hs494/graphinity_run/ddg645/pdbs_mut/HM_1YY9_TH57G_fwd.pdb,A,HL,HM_1YY9_TH57G,5
-0.48,/home/hs494/graphinity_run/ddg645/pdbs_wt/HM_1YY9.pdb,/home/hs494/graphinity_run/ddg645/pdbs_mut/HM_1YY9_TH57P_fwd.pdb,A,HL,HM_1YY9_TH57P,5
-0.6,/home/hs494/graphinity_run/ddg645/pdbs_wt/HM_1YY9.pdb,/home/hs494/graphinity_run/ddg645/pdbs_mut/HM_1YY9_VH50L_fwd.pdb,A,HL,HM_1YY9_VH50L,5
-0.64,/home/hs494/graphinity_run/ddg645/pdbs_wt/HM_1YY9.pdb,/home/hs494/graphinity_run/ddg645/pdbs_mut/HM_1YY9_VH50Q_fwd.pdb,A,HL,HM_1YY9_VH50Q,5
-0.13,/home/hs494/graphinity_run/ddg645/pdbs_wt/HM_1YY9.pdb,/home/hs494/graphinity_run/ddg645/pdbs_mut/HM_1YY9_YH32R_fwd.pdb,A,HL,HM_1YY9_YH32R,5
-0.62,/home/hs494/graphinity_run/ddg645/pdbs_wt/HM_1YY9.pdb,/home/hs494/graphinity_run/ddg645/pdbs_mut/HM_1YY9_AL25V_fwd.pdb,A,HL,HM_1YY9_AL25V,5
-0.92,/home/hs494/graphinity_run/ddg645/pdbs_wt/HM_1YY9.pdb,/home/hs494/graphinity_run/ddg645/pdbs_mut/HM_1YY9_GL30Y_fwd.pdb,A,HL,HM_1YY9_GL30Y,5
-0.83,/home/hs494/graphinity_run/ddg645/pdbs_wt/HM_1YY9.pdb,/home/hs494/graphinity_run/ddg645/pdbs_mut/HM_1YY9_QL27Y_fwd.pdb,A,HL,HM_1YY9_QL27Y,5
-0.51,/home/hs494/graphinity_run/ddg645/pdbs_wt/HM_1YY9.pdb,/home/hs494/graphinity_run/ddg645/pdbs_mut/HM_1YY9_TL97C_fwd.pdb,A,HL,HM_1YY9_TL97C,5
-0.66,/home/hs494/graphinity_run/ddg645/pdbs_wt/HM_1YY9.pdb,/home/hs494/graphinity_run/ddg645/pdbs_mut/HM_1YY9_TL97D_fwd.pdb,A,HL,HM_1YY9_TL97D,5
-0.7,/home/hs494/graphinity_run/ddg645/pdbs_wt/HM_1YY9.pdb,/home/hs494/graphinity_run/ddg645/pdbs_mut/HM_1YY9_TL97S_fwd.pdb,A,HL,HM_1YY9_TL97S,5
-0.14,/home/hs494/graphinity_run/ddg645/pdbs_wt/HM_2NYY.pdb,/home/hs494/graphinity_run/ddg645/pdbs_mut/HM_2NYY_DA1061A_fwd.pdb,A,HL,HM_2NYY_DA1061A,0
-0.49,/home/hs494/graphinity_run/ddg645/pdbs_wt/HM_2NYY.pdb,/home/hs494/graphinity_run/ddg645/pdbs_mut/HM_2NYY_DA901A_fwd.pdb,A,HL,HM_2NYY_DA901A,0
0.5,/home/hs494/graphinity_run/ddg645/pdbs_wt/HM_2NYY.pdb,/home/hs494/graphinity_run/ddg645/pdbs_mut/HM_2NYY_EA919A_fwd.pdb,A,HL,HM_2NYY_EA919A,0
1.53,/home/hs494/graphinity_run/ddg645/pdbs_wt/HM_2NYY.pdb,/home/hs494/graphinity_run/ddg645/pdbs_mut/HM_2NYY_FA952A_fwd.pdb,A,HL,HM_2NYY_FA952A,0
0.95,/home/hs494/graphinity_run/ddg645/pdbs_wt/HM_2NYY.pdb,/home/hs494/graphinity_run/ddg645/pdbs_mut/HM_2NYY_IA916A_fwd.pdb,A,HL,HM_2NYY_IA916A,0
-0.31,/home/hs494/graphinity_run/ddg645/pdbs_wt/HM_2NYY.pdb,/home/hs494/graphinity_run/ddg645/pdbs_mut/HM_2NYY_KA914A_fwd.pdb,A,HL,HM_2NYY_KA914A,0
-0.5,/home/hs494/graphinity_run/ddg645/pdbs_wt/HM_2NYY.pdb,/home/hs494/graphinity_run/ddg645/pdbs_mut/HM_2NYY_KA954A_fwd.pdb,A,HL,HM_2NYY_KA954A,0
0.41,/home/hs494/graphinity_run/ddg645/pdbs_wt/HM_2NYY.pdb,/home/hs494/graphinity_run/ddg645/pdbs_mut/HM_2NYY_LA918A_fwd.pdb,A,HL,HM_2NYY_LA918A,0
0.3,/home/hs494/graphinity_run/ddg645/pdbs_wt/HM_2NYY.pdb,/home/hs494/graphinity_run/ddg645/pdbs_mut/HM_2NYY_NA917A_fwd.pdb,A,HL,HM_2NYY_NA917A,0
0.01,/home/hs494/graphinity_run/ddg645/pdbs_wt/HM_2NYY.pdb,/home/hs494/graphinity_run/ddg645/pdbs_mut/HM_2NYY_NA956A_fwd.pdb,A,HL,HM_2NYY_NA956A,0
0.24,/home/hs494/graphinity_run/ddg645/pdbs_wt/HM_2NYY.pdb,/home/hs494/graphinity_run/ddg645/pdbs_mut/HM_2NYY_PA1062A_fwd.pdb,A,HL,HM_2NYY_PA1062A,0
0.58,/home/hs494/graphinity_run/ddg645/pdbs_wt/HM_2NYY.pdb,/home/hs494/graphinity_run/ddg645/pdbs_mut/HM_2NYY_RA1060A_fwd.pdb,A,HL,HM_2NYY_RA1060A,0
4.44,/home/hs494/graphinity_run/ddg645/pdbs_wt/HM_2NYY.pdb,/home/hs494/graphinity_run/ddg645/pdbs_mut/HM_2NYY_RA1063A_fwd.pdb,A,HL,HM_2NYY_RA1063A,0
-0.02,/home/hs494/graphinity_run/ddg645/pdbs_wt/HM_2NYY.pdb,/home/hs494/graphinity_run/ddg645/pdbs_mut/HM_2NYY_RA902A_fwd.pdb,A,HL,HM_2NYY_RA902A,0
-0.66,/home/hs494/graphinity_run/ddg645/pdbs_wt/HM_2NYY.pdb,/home/hs494/graphinity_run/ddg645/pdbs_mut/HM_2NYY_SA953A_fwd.pdb,A,HL,HM_2NYY_SA953A,0
0.62,/home/hs494/graphinity_run/ddg645/pdbs_wt/HM_2NYY.pdb,/home/hs494/graphinity_run/ddg645/pdbs_mut/HM_2NYY_TA922A_fwd.pdb,A,HL,HM_2NYY_TA922A,0
0.51,/home/hs494/graphinity_run/ddg645/pdbs_wt/HM_2NYY.pdb,/home/hs494/graphinity_run/ddg645/pdbs_mut/HM_2NYY_KH29R_fwd.pdb,A,HL,HM_2NYY_KH29R,0
-0.01,/home/hs494/graphinity_run/ddg645/pdbs_wt/HM_2NYY.pdb,/home/hs494/graphinity_run/ddg645/pdbs_mut/HM_2NYY_MH33Q_fwd.pdb,A,HL,HM_2NYY_MH33Q,0
0.97,/home/hs494/graphinity_run/ddg645/pdbs_wt/HM_2NYY.pdb,/home/hs494/graphinity_run/ddg645/pdbs_mut/HM_2NYY_YH30D_fwd.pdb,A,HL,HM_2NYY_YH30D,0
1.33,/home/hs494/graphinity_run/ddg645/pdbs_wt/HM_2NYY.pdb,/home/hs494/graphinity_run/ddg645/pdbs_mut/HM_2NYY_YH30Q_fwd.pdb,A,HL,HM_2NYY_YH30Q,0
1.19,/home/hs494/graphinity_run/ddg645/pdbs_wt/HM_2NYY.pdb,/home/hs494/graphinity_run/ddg645/pdbs_mut/HM_2NYY_YH56Q_fwd.pdb,A,HL,HM_2NYY_YH56Q,0
0.6,/home/hs494/graphinity_run/ddg645/pdbs_wt/HM_2NYY.pdb,/home/hs494/graphinity_run/ddg645/pdbs_mut/HM_2NYY_DL30Y_fwd.pdb,A,HL,HM_2NYY_DL30Y,0
0.63,/home/hs494/graphinity_run/ddg645/pdbs_wt/HM_2NYY.pdb,/home/hs494/graphinity_run/ddg645/pdbs_mut/HM_2NYY_HL34R_fwd.pdb,A,HL,HM_2NYY_HL34R,0
0.7,/home/hs494/graphinity_run/ddg645/pdbs_wt/HM_2NYY.pdb,/home/hs494/graphinity_run/ddg645/pdbs_mut/HM_2NYY_SL28Q_fwd.pdb,A,HL,HM_2NYY_SL28Q,0
1.2,/home/hs494/graphinity_run/ddg645/pdbs_wt/HM_2NYY.pdb,/home/hs494/graphinity_run/ddg645/pdbs_mut/HM_2NYY_SL31N_fwd.pdb,A,HL,HM_2NYY_SL31N,0
-0.14,/home/hs494/graphinity_run/ddg645/pdbs_wt/HM_2NZ9.pdb,/home/hs494/graphinity_run/ddg645/pdbs_mut/HM_2NZ9_DA1061A_fwd.pdb,A,HL,HM_2NZ9_DA1061A,0
-0.49,/home/hs494/graphinity_run/ddg645/pdbs_wt/HM_2NZ9.pdb,/home/hs494/graphinity_run/ddg645/pdbs_mut/HM_2NZ9_DA901A_fwd.pdb,A,HL,HM_2NZ9_DA901A,0
0.5,/home/hs494/graphinity_run/ddg645/pdbs_wt/HM_2NZ9.pdb,/home/hs494/graphinity_run/ddg645/pdbs_mut/HM_2NZ9_EA919A_fwd.pdb,A,HL,HM_2NZ9_EA919A,0
1.53,/home/hs494/graphinity_run/ddg645/pdbs_wt/HM_2NZ9.pdb,/home/hs494/graphinity_run/ddg645/pdbs_mut/HM_2NZ9_FA952A_fwd.pdb,A,HL,HM_2NZ9_FA952A,0
0.95,/home/hs494/graphinity_run/ddg645/pdbs_wt/HM_2NZ9.pdb,/home/hs494/graphinity_run/ddg645/pdbs_mut/HM_2NZ9_IA916A_fwd.pdb,A,HL,HM_2NZ9_IA916A,0
-0.31,/home/hs494/graphinity_run/ddg645/pdbs_wt/HM_2NZ9.pdb,/home/hs494/graphinity_run/ddg645/pdbs_mut/HM_2NZ9_KA914A_fwd.pdb,A,HL,HM_2NZ9_KA914A,0
-0.5,/home/hs494/graphinity_run/ddg645/pdbs_wt/HM_2NZ9.pdb,/home/hs494/graphinity_run/ddg645/pdbs_mut/HM_2NZ9_KA954A_fwd.pdb,A,HL,HM_2NZ9_KA954A,0
0.41,/home/hs494/graphinity_run/ddg645/pdbs_wt/HM_2NZ9.pdb,/home/hs494/graphinity_run/ddg645/pdbs_mut/HM_2NZ9_LA918A_fwd.pdb,A,HL,HM_2NZ9_LA918A,0
0.3,/home/hs494/graphinity_run/ddg645/pdbs_wt/HM_2NZ9.pdb,/home/hs494/graphinity_run/ddg645/pdbs_mut/HM_2NZ9_NA917A_fwd.pdb,A,HL,HM_2NZ9_NA917A,0
0.01,/home/hs494/graphinity_run/ddg645/pdbs_wt/HM_2NZ9.pdb,/home/hs494/graphinity_run/ddg645/pdbs_mut/HM_2NZ9_NA956A_fwd.pdb,A,HL,HM_2NZ9_NA956A,0
0.24,/home/hs494/graphinity_run/ddg645/pdbs_wt/HM_2NZ9.pdb,/home/hs494/graphinity_run/ddg645/pdbs_mut/HM_2NZ9_PA1062A_fwd.pdb,A,HL,HM_2NZ9_PA1062A,0
0.58,/home/hs494/graphinity_run/ddg645/pdbs_wt/HM_2NZ9.pdb,/home/hs494/graphinity_run/ddg645/pdbs_mut/HM_2NZ9_RA1060A_fwd.pdb,A,HL,HM_2NZ9_RA1060A,0
4.44,/home/hs494/graphinity_run/ddg645/pdbs_wt/HM_2NZ9.pdb,/home/hs494/graphinity_run/ddg645/pdbs_mut/HM_2NZ9_RA1063A_fwd.pdb,A,HL,HM_2NZ9_RA1063A,0
-0.02,/home/hs494/graphinity_run/ddg645/pdbs_wt/HM_2NZ9.pdb,/home/hs494/graphinity_run/ddg645/pdbs_mut/HM_2NZ9_RA902A_fwd.pdb,A,HL,HM_2NZ9_RA902A,0
-0.66,/home/hs494/graphinity_run/ddg645/pdbs_wt/HM_2NZ9.pdb,/home/hs494/graphinity_run/ddg645/pdbs_mut/HM_2NZ9_SA953A_fwd.pdb,A,HL,HM_2NZ9_SA953A,0
0.62,/home/hs494/graphinity_run/ddg645/pdbs_wt/HM_2NZ9.pdb,/home/hs494/graphinity_run/ddg645/pdbs_mut/HM_2NZ9_TA922A_fwd.pdb,A,HL,HM_2NZ9_TA922A,0
1.36,/home/hs494/graphinity_run/ddg645/pdbs_wt/HM_3BN9.pdb,/home/hs494/graphinity_run/ddg645/pdbs_mut/HM_3BN9_PH104H_fwd.pdb,A,HL,HM_3BN9_PH104H,7
0.41,/home/hs494/graphinity_run/ddg645/pdbs_wt/HM_3BN9.pdb,/home/hs494/graphinity_run/ddg645/pdbs_mut/HM_3BN9_QH105V_fwd.pdb,A,HL,HM_3BN9_QH105V,7
0.71,/home/hs494/graphinity_run/ddg645/pdbs_wt/HM_3BN9.pdb,/home/hs494/graphinity_run/ddg645/pdbs_mut/HM_3BN9_SH30G_fwd.pdb,A,HL,HM_3BN9_SH30G,7
0.71,/home/hs494/graphinity_run/ddg645/pdbs_wt/HM_3BN9.pdb,/home/hs494/graphinity_run/ddg645/pdbs_mut/HM_3BN9_SH30N_fwd.pdb,A,HL,HM_3BN9_SH30N,7
-0.24,/home/hs494/graphinity_run/ddg645/pdbs_wt/HM_3BN9.pdb,/home/hs494/graphinity_run/ddg645/pdbs_mut/HM_3BN9_TH28R_fwd.pdb,A,HL,HM_3BN9_TH28R,7
-0.16,/home/hs494/graphinity_run/ddg645/pdbs_wt/HM_3BN9.pdb,/home/hs494/graphinity_run/ddg645/pdbs_mut/HM_3BN9_TH102Q_fwd.pdb,A,HL,HM_3BN9_TH102Q,7
-1.57,/home/hs494/graphinity_run/ddg645/pdbs_wt/HM_3BN9.pdb,/home/hs494/graphinity_run/ddg645/pdbs_mut/HM_3BN9_TH102R_fwd.pdb,A,HL,HM_3BN9_TH102R,7
0.54,/home/hs494/graphinity_run/ddg645/pdbs_wt/HM_3BN9.pdb,/home/hs494/graphinity_run/ddg645/pdbs_mut/HM_3BN9_YH103S_fwd.pdb,A,HL,HM_3BN9_YH103S,7
